kommune;kommunenavn;aargang;funksjon;eid_areal_m2;portefoljeareal_m2;drift_kr;energi_kr;renhold_kr;vedlikehold_kr;forvaltning_kr;drift_kr_m2;energi_kr_m2;renhold_kr_m2;ovrig_drift_kr_m2;vedlikehold_kr_m2;forvaltning_kr_m2;dv_kr_m2;fdv_kr_m2;energibruk_kwh;kwh_m2;fornybarandel;implisitt_energipris_kr_kwh;flagg_kostnad;flagg_energi
0301;Oslo - Oslove;2024;130;46896.0;2304158.0;33824000.0;8800000.0;8779000.0;24117000.0;384471000.0;721.2555441828728;187.64926646195838;187.20146707608325;346.4048106448311;514.2656090071648;166.8596511176751;1235.5211531900375;1402.3808043077127;7299000.0;155.6422722620266;1.0;1.2056446088505275;;
1101;Eigersund;2024;130;2877.0;49955.0;1666000.0;558000.0;498000.0;340000.0;12256000.0;579.0754257907543;193.95203336809178;173.09697601668404;212.02641640597844;118.17865832464372;245.34080672605344;697.254084115398;942.5948908414514;465000.0;161.6266944734098;1.0;1.2000000000000002;;
1103;Stavanger;2024;130;21981.0;630781.0;43010000.0;5120000.0;19563000.0;4607000.0;114272000.0;1956.6898685228152;232.92843819662437;889.9959055547973;833.7655247713935;209.59010054137664;181.1595466572392;2166.279969064192;2347.4395157214312;2634000.0;119.83076293162277;1.0;1.9438116932422171;;
1106;Haugesund;2024;130;8197.0;140918.0;11311000.0;3029000.0;2672000.0;2707000.0;4248000.0;1379.8950835671587;369.5254361351714;325.9729169208247;684.3967305111627;330.24277174576065;30.145190820193303;1710.1378553129193;1740.2830461331125;882000.0;107.600341588386;1.0;3.4342403628117912;;implisitt_pris_utenfor
1108;Sandnes;2024;130;14775.0;326683.0;17955000.0;2162000.0;3634000.0;523000.0;34504000.0;1215.228426395939;146.32825719120135;245.9560067681895;822.9441624365483;35.397631133671744;105.6192088354766;1250.6260575296108;1356.2452663650874;3389000.0;229.37394247038918;1.0;0.6379462968427264;;
1111;Sokndal;2024;130;3800.0;22443.0;3548000.0;635000.0;1052000.0;275000.0;664000.0;933.6842105263158;167.10526315789474;276.8421052631579;489.7368421052632;72.36842105263158;29.58606246936684;1006.0526315789474;1035.6386940483142;669000.0;176.05263157894737;1.0;0.9491778774289985;;
1112;Lund;2024;130;2238.0;23592.0;702000.0;332000.0;98000.0;14000.0;660000.0;313.6729222520107;148.3467381590706;43.78909740840036;121.53708668453977;6.255585344057194;27.97558494404883;319.9285075960679;347.9040925401167;300000.0;134.04825737265415;1.0;1.106666666666667;renhold_urimelig_lav;
1114;Bjerkreim;2024;130;1772.0;18151.0;1913000.0;356000.0;294000.0;31000.0;0.0;1079.571106094808;200.90293453724604;165.91422121896161;712.7539503386005;17.494356659142213;0.0;1097.0654627539504;1097.0654627539504;208000.0;117.38148984198645;1.0;1.7115384615384615;;
1119;Hå;2024;130;7075.0;87311.0;8242000.0;1640000.0;2533000.0;2127000.0;3996000.0;1164.946996466431;231.80212014134275;358.02120141342755;575.1236749116608;300.63604240282683;45.76742907537424;1465.583038869258;1511.350467944632;768000.0;108.55123674911661;1.0;2.1354166666666665;;
1120;Klepp;2024;130;370.0;87430.0;108000.0;282000.0;82000.0;79000.0;6440000.0;291.8918918918919;762.1621621621622;221.6216216216216;-691.8918918918919;213.51351351351352;73.65892714171338;505.4054054054054;579.0643325471187;49000.0;132.43243243243242;1.0;5.755102040816327;areal_for_lite|drift_mindre_enn_delposter;areal_for_lite|implisitt_pris_utenfor
1121;Time;2024;130;7660.0;91820.0;1918000.0;489000.0;450000.0;146000.0;9212000.0;250.3916449086162;63.838120104438644;58.746736292428196;127.80678851174935;19.06005221932115;100.32672620344151;269.45169712793734;369.77842333137886;909000.0;118.66840731070496;0.9625962596259626;0.5379537953795379;;
1122;Gjesdal;2024;130;7216.0;57995.0;3270000.0;636000.0;816000.0;852000.0;3375000.0;453.159645232816;88.13747228381375;113.0820399113082;251.940133037694;118.0709534368071;58.194671954478835;571.2305986696231;629.4252706241019;842000.0;116.68514412416852;1.0;0.7553444180522565;;
1124;Sola;2024;130;35044.0;177461.0;15751000.0;3822000.0;2747000.0;2118000.0;15460000.0;449.46353156032416;109.0628923638854;78.38717041433627;262.0134687821025;60.43830612943728;87.1177329103296;509.90183768976146;597.019570600091;3736000.0;106.60883460792147;0.9839400428265525;1.0230192719486082;;
1127;Randaberg;2024;130;7310.0;71912.0;2912000.0;221000.0;1454000.0;1128000.0;2823000.0;398.3584131326949;30.232558139534884;198.90560875512995;169.2202462380301;154.3091655266758;39.25631327177661;552.6675786593707;591.9238919311474;718000.0;98.22161422708618;1.0;0.30779944289693595;energi_urimelig_lav;implisitt_pris_utenfor
1130;Strand;2024;130;3459.0;67306.0;3673000.0;824000.0;694000.0;187000.0;4633000.0;1061.8675917895346;238.21913847932927;200.6360219716681;623.0124313385371;54.061867591789536;68.8348735625353;1115.929459381324;1184.7643329438592;616000.0;178.0861520670714;1.0;1.3376623376623378;;
1133;Hjelmeland;2024;130;2738.0;26169.0;2799000.0;514000.0;-1956000.0;449000.0;2554000.0;1022.2790357925493;187.72826880934988;-714.3900657414171;1548.9408327246165;163.9883126369613;97.59639267835989;1186.2673484295105;1283.8637411078705;345000.0;126.00438276113952;1.0;1.489855072463768;renhold_urimelig_lav;
1134;Suldal;2024;130;3439.0;38732.0;3283000.0;820000.0;819000.0;647000.0;1021000.0;954.6379761558593;238.441407385868;238.1506251817389;478.0459435882524;188.13608607153242;26.36063203552618;1142.7740622273916;1169.1346942629177;749000.0;217.79587089270137;1.0;1.0947930574098799;;
1135;Sauda;2024;130;960.0;26048.0;1130000.0;269000.0;443000.0;66000.0;571000.0;1177.0833333333333;280.2083333333333;461.4583333333333;435.4166666666667;68.75;21.921068796068795;1245.8333333333333;1267.754402129402;906000.0;943.75;1.0;0.29690949227373065;;kwh_urimelig_hoy|implisitt_pris_utenfor
1144;Kvitsøy;2024;130;363.0;6644.0;839000.0;203000.0;103000.0;71000.0;258000.0;2311.2947658402204;559.228650137741;283.7465564738292;1468.3195592286502;195.5922865013774;38.832028898254066;2506.8870523415976;2545.7190812398517;118000.0;325.06887052341597;1.0;1.7203389830508475;areal_for_lite;areal_for_lite
1145;Bokn;2024;130;1600.0;11203.0;700000.0;206000.0;25000.0;19000.0;559000.0;437.5;128.75;15.625;293.125;11.875;49.89734892439525;449.375;499.27234892439526;222000.0;138.75;1.0;0.9279279279279279;renhold_urimelig_lav;
1146;Tysvær;2024;130;6200.0;64609.0;905000.0;278000.0;261000.0;142000.0;7517000.0;145.96774193548387;44.83870967741935;42.096774193548384;59.03225806451613;22.903225806451612;116.34601990434768;168.8709677419355;285.2169876462832;7913000.0;1276.2903225806451;1.0;0.03513206116517124;drift_urimelig_lav|renhold_urimelig_lav;kwh_urimelig_hoy|implisitt_pris_utenfor
1149;Karmøy;2024;130;9077.0;184252.0;4026000.0;1678000.0;737000.0;1759000.0;9204000.0;443.5386140795417;184.8628401454225;81.19422716756638;177.48154676655284;193.78649333480226;49.953324794303455;637.325107414344;687.2784322086475;950000.0;104.66012999889831;1.0;1.7663157894736843;;
1151;Utsira;2024;130;64.0;2713.0;654000.0;214000.0;168000.0;68000.0;156000.0;10218.75;3343.75;2625.0;4250.0;1062.5;57.500921489126426;11281.25;11338.750921489127;127000.0;1984.375;1.0;1.68503937007874;areal_for_lite;areal_for_lite|kwh_urimelig_hoy
1160;Vindafjord;2024;130;6267.0;55866.0;2966000.0;921000.0;709000.0;475000.0;2575000.0;473.2726982607308;146.9602680708473;113.13228019786182;213.1801499920217;75.79384075315143;46.09243547059034;549.0665390138822;595.1589744844725;860000.0;137.22674325833734;1.0;1.0709302325581394;;
1505;Kristiansund;2024;130;8172.0;115530.0;6155000.0;1305000.0;1260000.0;278000.0;15617000.0;753.1815956926089;159.69162995594715;154.1850220264317;439.3049437102301;34.01860009789525;135.17701030035488;787.2001957905042;922.3772060908591;1055000.0;129.09936368086147;1.0;1.23696682464455;;
1506;Molde;2024;130;3472.0;168029.0;8338000.0;1464000.0;2732000.0;1053000.0;9140000.0;2401.4976958525344;421.6589861751152;786.8663594470046;1192.9723502304148;303.2834101382488;54.39537222741313;2704.7811059907835;2759.1764782181967;347000.0;99.94239631336406;1.0;4.219020172910663;;implisitt_pris_utenfor
1508;Ålesund;2024;130;2983.0;216104.0;14661000.0;596000.0;3924000.0;4555000.0;5496000.0;4914.850821320818;199.79886020784446;1315.4542406972846;3399.597720415689;1526.986255447536;25.432199311442638;6441.837076768354;6467.269276079796;353000.0;118.33724438484747;1.0;1.688385269121813;DV_uteligger_hoy;
1511;Vanylven;2024;130;1800.0;23544.0;549000.0;175000.0;490000.0;299000.0;18000.0;305.0;97.22222222222223;272.22222222222223;-64.44444444444444;166.11111111111111;0.764525993883792;471.1111111111111;471.8756371049949;185000.0;102.77777777777777;1.0;0.945945945945946;drift_mindre_enn_delposter;
1514;Sande;2024;130;1607.0;23289.0;1360000.0;221000.0;444000.0;40000.0;301000.0;846.2974486621033;137.5233354075918;276.2912258867455;432.482887367766;24.891101431238333;12.924556657649534;871.1885500933416;884.1131067509912;190000.0;118.23273179838208;1.0;1.1631578947368422;;
1515;Herøy (Møre og Romsdal);2024;130;6510.0;47862.0;1441000.0;423000.0;541000.0;157000.0;3629000.0;221.35176651305684;64.97695852534562;83.10291858678956;73.27188940092167;24.116743471582183;75.82215536333626;245.468509984639;321.2906653479753;641000.0;98.46390168970814;1.0;0.6599063962558502;;
1516;Ulstein;2024;130;5721.0;51974.0;2007000.0;223000.0;262000.0;481000.0;7004000.0;350.81279496591503;38.979199440657226;45.796189477364095;266.03740604789374;84.07621045271806;134.75968753607572;434.88900541863313;569.6486929547088;660000.0;115.36444677503933;1.0;0.3378787878787879;energi_urimelig_lav|renhold_urimelig_lav;implisitt_pris_utenfor
1520;Ørsta;2024;130;8557.0;71507.0;2586000.0;571000.0;747000.0;268000.0;3883000.0;302.2087180086479;66.72899380624051;87.2969498656071;148.1827743368003;31.319387635853687;54.3023759911617;333.5281056445016;387.83048163566326;731000.0;85.42713567839196;1.0;0.7811217510259918;;
1525;Stranda;2024;130;1250.0;31168.0;1380000.0;392000.0;597000.0;18000.0;568000.0;1104.0;313.6;477.6;312.8;14.4;18.22381930184805;1118.4;1136.6238193018482;486000.0;388.8;1.0;0.8065843621399177;;
1528;Sykkylven;2024;130;1457.0;31114.0;3404000.0;193000.0;670000.0;110000.0;2555000.0;2336.3074811256006;132.46396705559368;459.84900480439256;1743.9945092656142;75.49759780370624;82.11737481519573;2411.805078929307;2493.922453744503;219000.0;150.308853809197;1.0;0.8812785388127853;;
1531;Sula;2024;130;3682.0;57190.0;819000.0;278000.0;186000.0;95000.0;5345000.0;222.43346007604563;75.5024443237371;50.51602390005432;96.4149918522542;25.801195002715914;93.46039517398147;248.23465507876153;341.695050252743;366000.0;99.40249864204237;1.0;0.7595628415300546;;
1532;Giske;2024;130;5176.0;42930.0;2483000.0;483000.0;587000.0;503000.0;3647000.0;479.71406491499226;93.31530139103555;113.4080370942813;272.9907264296754;97.17928902627511;84.95224784532961;576.8933539412674;661.845601786597;963000.0;186.05100463678517;1.0;0.5015576323987538;;
1535;Vestnes;2024;130;6231.0;43894.0;1448000.0;574000.0;377000.0;179000.0;7376000.0;232.38645482266088;92.12004493660729;60.50393195313754;79.76247793291607;28.727331086502968;168.04119013988245;261.1137859091639;429.15497604904635;830000.0;133.2049430268015;1.0;0.6915662650602409;;
1539;Rauma;2024;130;6407.0;53750.0;3087000.0;883000.0;857000.0;268000.0;3400000.0;481.8167629155611;137.81801154986732;133.75995005462775;210.23880131106603;41.82924925862338;63.25581395348837;523.6460121741845;586.9018261276728;1011000.0;157.79616044950836;1.0;0.873392680514342;;
1547;Aukra;2024;130;1793.0;32287.0;972000.0;273000.0;213000.0;38000.0;1371000.0;542.1081985499163;152.25878416062466;118.79531511433352;271.05409927495816;21.193530395984382;42.46291076904017;563.3017289459008;605.7646397149409;313000.0;174.56776352481873;1.0;0.8722044728434506;;
1554;Averøy;2024;130;1909.0;24793.0;1952000.0;249000.0;434000.0;485000.0;2346000.0;1022.5248821372446;130.43478260869566;227.34415924567836;664.7459402828706;254.0597171293871;94.62348243455814;1276.5845992666318;1371.20808170119;166000.0;86.95652173913044;1.0;1.5;;
1557;Gjemnes;2024;130;1260.0;18425.0;1121000.0;279000.0;335000.0;46000.0;1396000.0;889.6825396825396;221.42857142857142;265.87301587301585;402.3809523809524;36.507936507936506;75.76662143826323;926.1904761904761;1001.9570976287393;316000.0;250.79365079365078;1.0;0.8829113924050632;;
1560;Tingvoll;2024;130;1215.0;25783.0;1582000.0;368000.0;683000.0;26000.0;3270000.0;1302.0576131687242;302.880658436214;562.1399176954733;437.037037037037;21.39917695473251;126.8277547221037;1323.4567901234568;1450.2845448455605;169000.0;139.09465020576133;1.0;2.1775147928994083;;
1563;Sunndal;2024;130;3700.0;48587.0;1454000.0;333000.0;473000.0;334000.0;4557000.0;392.97297297297297;90.0;127.83783783783784;175.13513513513513;90.27027027027027;93.7905200979686;483.2432432432432;577.0337633412119;444000.0;120.0;1.0;0.75;;
1566;Surnadal;2024;130;3960.0;32375.0;5754000.0;507000.0;1668000.0;139000.0;2220000.0;1453.030303030303;128.03030303030303;421.2121212121212;903.7878787878788;35.101010101010104;68.57142857142857;1488.1313131313132;1556.7027417027418;402000.0;101.51515151515152;1.0;1.2611940298507462;;
1573;Smøla;2024;130;1890.0;15864.0;1048000.0;194000.0;261000.0;104000.0;0.0;554.4973544973545;102.64550264550265;138.0952380952381;313.7566137566138;55.026455026455025;0.0;609.5238095238095;609.5238095238095;;;;;;kwh_mangler
1576;Aure;2024;130;2230.0;24011.0;8767000.0;365000.0;405000.0;588000.0;0.0;3931.390134529148;163.67713004484304;181.61434977578475;3586.0986547085204;263.67713004484307;0.0;4195.067264573991;4195.067264573991;293000.0;131.39013452914799;1.0;1.2457337883959043;DV_uteligger_hoy;
1577;Volda;2024;130;0.0;0.0;1676000.0;483000.0;807000.0;453000.0;12912000.0;;;;;;;;;697000.0;;1.0;;areal_mangler;areal_mangler
1578;Fjord;2024;130;3507.0;31790.0;1719000.0;383000.0;92000.0;146000.0;0.0;490.16253207869977;109.21015112631879;26.23324779013402;354.7191331622469;41.63102366695181;0.0;531.7935557456516;531.7935557456516;453000.0;129.17023096663814;1.0;0.8454746136865343;renhold_urimelig_lav;
1580;Haram;2024;130;945.0;50238.0;2584000.0;652000.0;702000.0;134000.0;3404000.0;2734.3915343915346;689.9470899470899;742.8571428571429;1301.5873015873017;141.7989417989418;67.75747442175246;2876.190476190476;2943.9479506122284;105000.0;111.11111111111111;1.0;6.209523809523809;;implisitt_pris_utenfor
1804;Bodø;2024;130;20731.0;243147.0;6937000.0;1694000.0;2115000.0;24000.0;27232000.0;334.6196517292943;81.71337610342;102.02112777965365;150.88514784622063;1.1576865563648642;111.99809168938954;335.77733828565914;447.77542997504867;2871000.0;138.48825430514688;1.0;0.5900383141762452;;
1806;Narvik;2024;130;12110.0;123039.0;7657000.0;1020000.0;62000.0;329000.0;11338000.0;632.2873658133774;84.2279108175062;5.119735755573906;542.9397192402972;27.167630057803468;92.149643608937;659.4549958711808;751.6046394801178;3175000.0;262.18001651527663;1.0;0.32125984251968503;renhold_urimelig_lav;implisitt_pris_utenfor
1811;Bindal;2024;130;2668.0;12497.0;1557000.0;262000.0;667000.0;447000.0;406000.0;583.5832083958021;98.20089955022489;250.0;235.3823088455772;167.54122938530733;32.48779707129711;751.1244377811095;783.6122348524066;305000.0;114.31784107946027;1.0;0.859016393442623;;
1812;Sømna;2024;130;1202.0;15834.0;1169000.0;122000.0;351000.0;58000.0;0.0;972.5457570715474;101.49750415973378;292.01331114808653;579.0349417637271;48.25291181364393;0.0;1020.7986688851913;1020.7986688851913;159000.0;132.27953410981698;1.0;0.7672955974842767;;
1813;Brønnøy;2024;130;5317.0;46564.0;1779000.0;390000.0;653000.0;198000.0;5075000.0;334.5871732179801;73.34963325183374;122.81361670114727;138.42392326499905;37.2390445740079;108.98977751052315;371.826217791988;480.8159953025111;623000.0;117.17133722023698;1.0;0.6260032102728732;;
1815;Vega;2024;130;1700.0;12500.0;596000.0;181000.0;0.0;204000.0;0.0;350.5882352941176;106.47058823529412;0.0;244.11764705882354;120.0;0.0;470.5882352941176;470.5882352941176;;;;;renhold_urimelig_lav;kwh_mangler
1816;Vevelstad;2024;130;1070.0;5749.0;367000.0;120000.0;0.0;159000.0;0.0;342.9906542056075;112.14953271028037;0.0;230.84112149532712;148.5981308411215;0.0;491.58878504672896;491.58878504672896;204000.0;190.65420560747663;1.0;0.5882352941176471;renhold_urimelig_lav;
1818;Herøy (Nordland);2024;130;1811.0;13648.0;1252000.0;237000.0;210000.0;423000.0;715000.0;691.3307564881281;130.86692435118718;115.95803423522915;444.5057979017118;233.57261181667587;52.38862837045721;924.903368304804;977.2919966752612;307000.0;169.51960242959692;1.0;0.771986970684039;;
1820;Alstahaug;2024;130;9900.0;50792.0;4289000.0;795000.0;629000.0;1440000.0;3722000.0;433.2323232323232;80.3030303030303;63.535353535353536;289.3939393939394;145.45454545454547;73.27925657583872;578.6868686868687;651.9661252627075;1168000.0;117.97979797979798;1.0;0.6806506849315068;;
1822;Leirfjord;2024;130;1707.0;18895.0;1413000.0;203000.0;83000.0;154000.0;435000.0;827.7680140597539;118.9220855301699;48.62331575864089;660.2226127709432;90.21675454012887;23.021963482402754;917.9847685998828;941.0067320822856;378000.0;221.44112478031636;1.0;0.537037037037037;renhold_urimelig_lav;
1824;Vefsn;2024;130;7293.0;74693.0;4870000.0;779000.0;856000.0;425000.0;6193000.0;667.7636089400795;106.8147538735774;117.3728232551762;443.57603181132595;58.27505827505828;82.9127227451033;726.0386672151378;808.9513899602412;1130000.0;154.94309611956672;1.0;0.6893805309734513;;
1825;Grane;2024;130;2200.0;8950.0;1211000.0;163000.0;184000.0;268000.0;0.0;550.4545454545455;74.0909090909091;83.63636363636364;392.72727272727275;121.81818181818181;0.0;672.2727272727273;672.2727272727273;522000.0;237.27272727272728;1.0;0.31226053639846746;;implisitt_pris_utenfor
1826;Hattfjelldal - Aarborte;2024;130;3057.0;14708.0;811000.0;215000.0;224000.0;69000.0;615000.0;265.2927706902192;70.33038927052667;73.27445207719987;121.68792934249264;22.571148184494604;41.813978787054666;287.86391887471376;329.67789766176844;710000.0;232.25384363755316;1.0;0.30281690140845074;;implisitt_pris_utenfor
1827;Dønna;2024;130;2142.0;13746.0;1888000.0;419000.0;354000.0;68000.0;2504000.0;881.4192343604109;195.61157796451914;165.26610644257704;520.5415499533146;31.746031746031747;182.16208351520442;913.1652661064426;1095.327349621647;249000.0;116.24649859943978;1.0;1.6827309236947792;;
1828;Nesna;2024;130;2856.0;9731.0;3448000.0;387000.0;0.0;190000.0;1959000.0;1207.282913165266;135.50420168067228;0.0;1071.778711484594;66.5266106442577;201.31538382488952;1273.8095238095239;1475.1249076344134;400000.0;140.0560224089636;1.0;0.9675;renhold_urimelig_lav;
1832;Hemnes;2024;130;5241.0;39267.0;3750000.0;235000.0;1500000.0;279000.0;460000.0;715.5123068116771;44.8387712268651;286.20492272467084;384.4686128601412;53.23411562678878;11.714671352535207;768.746422438466;780.4610937910012;;;;;;kwh_mangler
1833;Rana;2024;130;4713.0;106971.0;3462000.0;890000.0;722000.0;1049000.0;5900000.0;734.5639719923615;188.8393804370889;153.1932951410991;392.53129641417354;222.57585402079354;55.15513550401511;957.1398260131551;1012.2949615171702;828000.0;175.6842775302355;1.0;1.0748792270531402;;
1834;Lurøy;2024;130;2590.0;23426.0;1489000.0;356000.0;120000.0;885000.0;0.0;574.903474903475;137.45173745173744;46.33204633204633;391.11969111969114;341.6988416988417;0.0;916.6023166023166;916.6023166023166;312000.0;120.46332046332046;1.0;1.141025641025641;renhold_urimelig_lav;
1835;Træna;2024;130;535.0;5050.0;172000.0;0.0;103000.0;45000.0;391000.0;321.49532710280374;0.0;192.52336448598132;128.97196261682242;84.11214953271028;77.42574257425743;405.60747663551405;483.03321920977146;95000.0;177.57009345794393;1.0;0.0;energi_urimelig_lav;implisitt_pris_utenfor
1837;Meløy;2024;130;2714.0;40599.0;1361000.0;407000.0;520000.0;43000.0;7044000.0;501.47383935151066;149.96315401621223;191.5991156963891;159.91156963890936;15.843773028739868;173.50181038941847;517.3176123802506;690.819422769669;495000.0;182.3876197494473;1.0;0.8222222222222222;;
1838;Gildeskål;2024;130;2259.0;24441.0;5164000.0;582000.0;485000.0;75000.0;1224000.0;2285.9672421425407;257.63612217795486;214.69676848162905;1813.634351482957;33.200531208499335;50.079783969559344;2319.16777335104;2369.2475573205993;396000.0;175.29880478087648;1.0;1.46969696969697;;
1839;Beiarn;2024;130;2160.0;11383.0;1899000.0;306000.0;574000.0;50000.0;92000.0;879.1666666666666;141.66666666666666;265.74074074074076;471.75925925925924;23.14814814814815;8.0822278836862;902.3148148148148;910.397042698501;395000.0;182.87037037037038;1.0;0.7746835443037974;;
1840;Saltdal;2024;130;1797.0;35954.0;4103000.0;349000.0;1379000.0;347000.0;1412000.0;2283.249860879243;194.21257651641625;767.3900946021147;1321.6471897607123;193.0996104618809;39.27240362685654;2476.349471341124;2515.6218749679806;379000.0;210.9070673344463;1.0;0.920844327176781;;
1841;Fauske - Fuossko;2024;130;2454.0;38511.0;1430000.0;522000.0;484000.0;1082000.0;8309000.0;582.7220863895681;212.71393643031786;197.2290138549307;172.7791361043195;440.9127954360228;215.75653709329802;1023.6348818255909;1239.391418918889;913000.0;372.0456397718011;1.0;0.5717415115005477;;
1845;Sørfold;2024;130;1729.0;23701.0;2938000.0;206000.0;995000.0;187000.0;577000.0;1699.248120300752;119.14401388085598;575.4771544245228;1004.626951995373;108.155002891845;24.344964347495885;1807.403123192597;1831.748087540093;;;;;;kwh_mangler
1848;Steigen;2024;130;2576.0;22400.0;1198000.0;389000.0;281000.0;207000.0;1039000.0;465.0621118012422;151.00931677018633;109.08385093167702;204.9689440993789;80.35714285714286;46.38392857142857;545.4192546583851;591.8031832298136;506000.0;196.42857142857142;1.0;0.7687747035573123;;
1851;Lødingen;2024;130;2067.0;13420.0;729000.0;433000.0;0.0;87000.0;119000.0;352.6850507982584;209.48234155781324;0.0;143.2027092404451;42.0899854862119;8.86736214605067;394.7750362844703;403.6423984305209;238000.0;115.14271891630382;1.0;1.819327731092437;renhold_urimelig_lav;
1853;Evenes - Evenássi;2024;130;1422.0;16553.0;883000.0;210000.0;92000.0;141000.0;611000.0;620.9563994374121;147.67932489451476;64.69760900140648;408.57946554149083;99.15611814345992;36.91173805352504;720.112517580872;757.024255634397;;;;;;kwh_mangler
1856;Røst;2024;130;1295.0;7493.0;479000.0;102000.0;121000.0;46000.0;337000.0;369.88416988416986;78.76447876447877;93.43629343629344;197.6833976833977;35.52123552123552;44.97531028960363;405.4054054054054;450.38071569500903;113000.0;87.25868725868726;1.0;0.9026548672566371;;
1857;Værøy;2024;130;1100.0;10250.0;603000.0;108000.0;175000.0;15000.0;133000.0;548.1818181818181;98.18181818181819;159.0909090909091;290.90909090909093;13.636363636363637;12.975609756097562;561.8181818181819;574.7937915742795;73000.0;66.36363636363636;1.0;1.4794520547945207;;
1859;Flakstad;2024;130;2200.0;6943.0;1927000.0;378000.0;0.0;282000.0;317000.0;875.9090909090909;171.8181818181818;0.0;704.0909090909091;128.1818181818182;45.65749675932594;1004.0909090909091;1049.748405850235;361000.0;164.0909090909091;1.0;1.0470914127423823;renhold_urimelig_lav;
1860;Vestvågøy;2024;130;7463.0;64177.0;3486000.0;1067000.0;1330000.0;1406000.0;5163000.0;467.1043816159721;142.9719951762026;178.21251507436688;145.91987136540266;188.3960873643307;80.44938217741559;655.5004689803028;735.9498511577184;1166000.0;156.23743802760285;1.0;0.9150943396226414;;
1865;Vågan;2024;130;6135.0;60674.0;2997000.0;968000.0;0.0;1554000.0;4771000.0;488.5085574572127;157.7832110839446;0.0;330.7253463732681;253.30073349633253;78.63335201239411;741.8092909535452;820.4426429659393;1238000.0;201.79299103504482;1.0;0.7819063004846527;renhold_urimelig_lav;
1866;Hadsel;2024;130;6585.0;43475.0;2991000.0;711000.0;708000.0;561000.0;3870000.0;454.2141230068337;107.97266514806378;107.51708428246013;238.7243735763098;85.19362186788155;89.0166762507188;539.4077448747153;628.424421125434;992000.0;150.64540622627183;1.0;0.716733870967742;;
1867;Bø;2024;130;1912.0;21321.0;669000.0;264000.0;239000.0;65000.0;81000.0;349.89539748953973;138.0753138075314;125.0;86.82008368200837;33.99581589958159;3.799071338117349;383.89121338912133;387.6902847272387;412000.0;215.48117154811715;1.0;0.6407766990291263;;
1868;Øksnes;2024;130;4665.0;32560.0;4290000.0;1002000.0;734000.0;1155000.0;3248000.0;919.6141479099679;214.79099678456592;157.34190782422294;547.481243301179;247.58842443729904;99.75429975429975;1167.2025723472668;1266.9568721015667;818000.0;175.34833869239014;1.0;1.2249388753056234;;
1870;Sortland - Suortá;2024;130;8929.0;73009.0;7548000.0;1084000.0;1468000.0;655000.0;5849000.0;845.3354238996528;121.4021726957106;164.40810841079627;559.525142793146;73.35647888901333;80.11341067539618;918.6919027886662;998.8053134640624;1737000.0;194.53466233620787;1.0;0.6240644789867588;;
1871;Andøy;2024;130;2302.0;25177.0;2357000.0;590000.0;356000.0;191000.0;269000.0;1023.892267593397;256.29887054735013;154.64813205907907;612.9452649869678;82.97132927888792;10.684354768240855;1106.863596872285;1117.5479516405258;554000.0;240.66029539530842;1.0;1.0649819494584838;;
1875;Hamarøy - Hábmer;2024;130;8204.0;31658.0;3961000.0;924000.0;766000.0;672000.0;1341000.0;482.81326182350074;112.62798634812286;93.36908824963433;276.81618722574353;81.91126279863481;42.3589613999621;564.7245246221355;607.0834860220976;913000.0;111.28717698683569;1.0;1.0120481927710843;;
2111;Longyearbyen;2024;130;2700.0;17258.0;4704000.0;1567000.0;1953000.0;889000.0;4845000.0;1742.2222222222222;580.3703703703703;723.3333333333334;438.51851851851853;329.25925925925924;280.73936724997105;2071.4814814814813;2352.2208487314524;689000.0;255.1851851851852;1.0;2.274310595065312;;
3101;Halden;2024;130;0.0;116504.0;3859000.0;1883000.0;915000.0;298000.0;23567000.0;;;;;;;;;1561000.0;;1.0;;areal_mangler;areal_mangler
3103;Moss;2024;130;8867.0;181016.0;10026000.0;2195000.0;2091000.0;2286000.0;23361000.0;1130.7093718281267;247.54708469606405;235.81820232322093;647.3440848088418;257.80985677230177;129.0548901754541;1388.5192286004285;1517.5741187758827;1552000.0;175.03101387165896;1.0;1.41430412371134;;
3105;Sarpsborg;2024;130;23666.0;223480.0;12442000.0;2343000.0;3478000.0;5036000.0;22041000.0;525.7331192427956;99.00278881095242;146.96188625031692;279.76844418152626;212.79472661201723;98.62627528190443;738.5278458548128;837.1541211367172;2279000.0;96.29848728133187;1.0;1.0280824923211935;;
3107;Fredrikstad;2024;130;39191.0;401361.0;20136000.0;7269000.0;8166000.0;-99000.0;39561000.0;513.7914317062591;185.47625730397286;208.36416524201985;119.95100916026638;-2.5260901737643846;98.56712535597629;511.2653415324947;609.832466888471;7224000.0;184.32803449771632;0.9738372093023255;1.0062292358803986;vedlikehold_negativ;
3110;Hvaler;2024;130;3243.0;21726.0;1268000.0;291000.0;402000.0;61000.0;5468000.0;390.9959913660191;89.73172987974098;123.95929694727104;177.3049645390071;18.809744064138144;251.68001472889625;409.80573543015726;661.4857501590535;473000.0;145.8526056120876;1.0;0.6152219873150105;;
3112;Råde;2024;130;5919.0;38238.0;1568000.0;408000.0;581000.0;264000.0;1553000.0;264.9096131103227;68.93056259503294;98.15847271498563;97.82057780030411;44.602128737962495;40.6140488519274;309.51174184828517;350.1257907002126;515000.0;87.00794053049502;1.0;0.7922330097087378;;
3114;Våler (Østfold);2024;130;3032.0;17610.0;2442000.0;193000.0;538000.0;180000.0;2538000.0;805.4089709762533;63.65435356200528;177.4406332453826;564.3139841688654;59.36675461741425;144.12265758091993;864.7757255936675;1008.8983831745875;316000.0;104.22163588390501;1.0;0.6107594936708861;;
3116;Skiptvet;2024;130;2694.0;26884.0;882000.0;351000.0;81000.0;57000.0;713000.0;327.3942093541203;130.28953229398664;30.066815144766146;167.03786191536747;21.15812917594655;26.521350989436097;348.55233853006683;375.0736895195029;419000.0;155.53080920564216;1.0;0.8377088305489261;renhold_urimelig_lav;
3118;Indre Østfold;2024;130;1002.0;184039.0;7824000.0;888000.0;1629000.0;459000.0;16425000.0;7808.383233532934;886.2275449101796;1625.748502994012;5296.407185628743;458.08383233532936;89.24738778193752;8266.467065868263;8355.7144536502;863000.0;861.2774451097804;0.9988412514484357;1.028968713789108;DV_uteligger_hoy;kwh_urimelig_hoy
3120;Rakkestad;2024;130;5015.0;38827.0;1809000.0;347000.0;446000.0;176000.0;1685000.0;360.71784646061815;69.19242273180458;88.93320039880359;202.59222333000997;35.094715852442675;43.39763566590259;395.8125623130608;439.21019797896344;302000.0;60.219341974077764;1.0;1.1490066225165563;;
3122;Marker;2024;130;3400.0;22820.0;2481000.0;126000.0;376000.0;668000.0;605000.0;729.7058823529412;37.05882352941177;110.58823529411765;582.0588235294117;196.47058823529412;26.511831726555652;926.1764705882352;952.6883023147909;344000.0;101.17647058823529;0.9418604651162791;0.3662790697674419;energi_urimelig_lav;implisitt_pris_utenfor
3124;Aremark;2024;130;1205.0;15974.0;546000.0;143000.0;162000.0;22000.0;468000.0;453.11203319502073;118.67219917012449;134.43983402489627;200.0;18.25726141078838;29.297608613997745;471.3692946058091;500.66690321980684;85000.0;70.53941908713693;1.0;1.6823529411764706;;
3201;Bærum;2024;130;21849.0;621265.0;43518000.0;4750000.0;7861000.0;2629000.0;89738000.0;1991.761636688178;217.4012540619708;359.7876333012953;1414.572749324912;120.32587303766763;144.4439973280323;2112.0875097258454;2256.5315070538777;6557000.0;300.10526797565103;1.0;0.7244166539576027;;
3203;Asker;2024;130;10680.0;451395.0;18640000.0;3990000.0;3992000.0;4449000.0;57867000.0;1745.318352059925;373.59550561797755;373.78277153558054;997.940074906367;416.5730337078652;128.1959259628485;2161.8913857677903;2290.0873117306387;1448000.0;135.58052434456928;0.9689226519337016;2.7555248618784534;;
3205;Lillestrøm;2024;130;22682.0;385385.0;26189000.0;4488000.0;4786000.0;2384000.0;35955000.0;1154.6159950621638;197.86614936954413;211.00432060664843;745.7455250859713;105.10536989683449;93.29631407553485;1259.7213649589983;1353.017679034533;4052000.0;178.643858566264;1.0;1.1076011846001974;;
3207;Nordre Follo;2024;130;9334.0;281327.0;11976000.0;1628000.0;1271000.0;2073000.0;29367000.0;1283.0512106278122;174.41611313477608;136.1688450824941;972.4662524105421;222.09127919434326;104.38742104383867;1505.1424898221555;1609.5299108659942;1365000.0;146.23955431754874;1.0;1.1926739926739927;;
3209;Ullensaker;2024;130;10734.0;188401.0;15930000.0;6043000.0;2727000.0;1290000.0;13791000.0;1484.0693124650643;562.977454816471;254.05254332029065;667.0393143283026;120.17887087758524;73.2002484063248;1604.2481833426496;1677.4484317489744;2689000.0;250.5123905347494;1.0;2.2473038304202304;;
3212;Nesodden;2024;130;6392.0;76664.0;2692000.0;344000.0;149000.0;118000.0;7509000.0;421.1514392991239;53.81727158948686;23.310387984981226;344.0237797246558;18.46057571964956;97.94688510904727;439.6120150187735;537.5589001278207;1234000.0;193.05381727158948;1.0;0.2787682333873582;renhold_urimelig_lav;implisitt_pris_utenfor
3214;Frogn;2024;130;7088.0;81557.0;3842000.0;1017000.0;495000.0;1160000.0;7688000.0;542.0428893905192;143.4819413092551;69.83634311512415;328.72460496613996;163.65688487584652;94.2653604227718;705.6997742663657;799.9651346891375;941000.0;132.75959367945825;1.0;1.0807651434643997;;
3216;Vestby;2024;130;6887.0;99903.0;4149000.0;318000.0;502000.0;1205000.0;3300000.0;602.4393785392768;46.17395092202701;72.89095397125018;483.37447364599973;174.9673297517061;33.03204107984745;777.406708290983;810.4387493708305;1036000.0;150.42834325540875;0.861969111969112;0.30694980694980695;;implisitt_pris_utenfor
3218;Ås;2024;130;3291.0;129084.0;3940000.0;494000.0;1636000.0;146000.0;12870000.0;1197.2044971133394;150.10635065329686;497.1133394105135;549.984807049529;44.36341537526587;99.70251928976481;1241.5679124886053;1341.27043177837;799000.0;242.78334852628382;1.0;0.6182728410513141;;
3220;Enebakk;2024;130;5705.0;52926.0;5264000.0;372000.0;393000.0;56000.0;3689000.0;922.6993865030674;65.2059596844873;68.88694127957932;788.6064855390009;9.815950920245399;69.70109209084382;932.5153374233129;1002.2164295141567;788000.0;138.1244522348817;1.0;0.4720812182741117;;implisitt_pris_utenfor
3222;Lørenskog;2024;130;5263.0;207245.0;8546000.0;1193000.0;966000.0;316000.0;18139000.0;1623.78871366141;226.67680030400913;183.54550636519096;1213.5664069922097;60.04180125403762;87.52442760983377;1683.8305149154476;1771.3549425252813;699000.0;132.81398441953257;1.0;1.7067238912732479;;
3224;Rælingen;2024;130;20023.0;124734.0;5315000.0;1860000.0;1075000.0;202000.0;7429000.0;265.4447385506667;92.8931728512211;53.68825850272187;118.86330719672377;10.088398341906807;59.55874100084981;275.53313689257357;335.0918778934234;2559000.0;127.80302651950257;1.0;0.7268464243845252;;
3226;Aurskog-Høland;2024;130;7950.0;85643.0;7171000.0;1285000.0;2064000.0;1008000.0;11259000.0;902.0125786163522;161.63522012578616;259.62264150943395;480.75471698113205;126.79245283018868;131.46433450486322;1028.8050314465409;1160.269365951404;1023000.0;128.67924528301887;1.0;1.2561094819159335;;
3228;Nes;2024;130;5928.0;81360.0;2817000.0;1254000.0;604000.0;680000.0;10000000.0;475.2024291497976;211.53846153846155;101.889338731444;161.77462887989205;114.70985155195682;122.91052114060963;589.9122807017544;712.822801842364;1165000.0;196.52496626180837;1.0;1.0763948497854077;;
3230;Gjerdrum;2024;130;3636.0;32160.0;1173000.0;350000.0;369000.0;269000.0;4176000.0;322.6072607260726;96.25962596259626;101.48514851485149;124.86248624862486;73.98239823982398;129.8507462686567;396.5896589658966;526.4404052345533;367000.0;100.93509350935093;1.0;0.9536784741144414;;
3232;Nittedal;2024;130;10368.0;109060.0;8972000.0;2132000.0;1949000.0;13620000.0;8903000.0;865.354938271605;205.6327160493827;187.98225308641975;471.7399691358025;1313.6574074074074;81.63396295617092;2179.0123456790125;2260.6463086351832;1862000.0;179.59104938271605;1.0;1.1450053705692802;;
3234;Lunner;2024;130;3856.0;47100.0;1183000.0;777000.0;636000.0;1439000.0;3064000.0;306.79460580912865;201.50414937759336;164.9377593360996;-59.64730290456431;373.1846473029046;65.05307855626327;679.9792531120332;745.0323316682965;349000.0;90.50829875518673;1.0;2.2263610315186244;drift_mindre_enn_delposter;
3236;Jevnaker;2024;130;3983.0;39617.0;3199000.0;711000.0;685000.0;423000.0;1525000.0;803.1634446397188;178.508661812704;171.98091890534772;452.6738639216671;106.20135576198845;38.493575990105256;909.3648004017073;947.8583763918125;592000.0;148.63168465980416;1.0;1.2010135135135136;;
3238;Nannestad;2024;130;9195.0;73033.0;8517000.0;1815000.0;492000.0;489000.0;4994000.0;926.2642740619902;197.38988580750407;53.507340946166394;675.3670473083197;53.1810766721044;68.3800473758438;979.4453507340946;1047.8253981099385;1074000.0;116.80261011419249;1.0;1.6899441340782124;;
3240;Eidsvoll;2024;130;2398.0;96699.0;4688000.0;445000.0;560000.0;1041000.0;11268000.0;1954.9624687239366;185.57130942452042;233.5279399499583;1535.863219349458;434.1117597998332;116.52654112245214;2389.0742285237698;2505.600769646222;368000.0;153.46121768140117;1.0;1.2092391304347825;;
3242;Hurdal;2024;130;1653.0;14980.0;3354000.0;599000.0;447000.0;136000.0;491000.0;2029.038112522686;362.37144585601936;270.4174228675136;1396.249243799153;82.27465214761041;32.77703604806408;2111.3127646702965;2144.0898007183605;271000.0;163.94434361766486;1.0;2.2103321033210332;;
3301;Drammen;2024;130;19240.0;363416.0;13954000.0;2870000.0;4285000.0;2962000.0;53367000.0;725.2598752598752;149.16839916839916;222.7130977130977;353.3783783783784;153.95010395010394;146.84824003346029;879.2099792099792;1026.0582192434395;3001000.0;155.97713097713097;1.0;0.9563478840386538;;
3303;Kongsberg;2024;130;3126.0;93900.0;2506000.0;684000.0;1272000.0;335000.0;12579000.0;801.6634676903391;218.80998080614202;406.9097888675624;175.94369801663467;107.1657069737684;133.96166134185304;908.8291746641075;1042.7908360059605;585000.0;187.14011516314778;1.0;1.1692307692307693;;
3305;Ringerike;2024;130;11396.0;144354.0;4417000.0;1332000.0;954000.0;480000.0;4376000.0;387.5921375921376;116.88311688311688;83.71358371358372;186.995436995437;42.12004212004212;30.314366072294497;429.7121797121797;460.0265457844742;2088000.0;183.22218322218322;1.0;0.6379310344827587;;
3310;Hole;2024;130;4050.0;29436.0;1774000.0;324000.0;382000.0;249000.0;3919000.0;438.0246913580247;80.0;94.32098765432099;263.7037037037037;61.48148148148148;133.1362956923495;499.5061728395062;632.6424685318557;260000.0;64.19753086419753;1.0;1.2461538461538462;;
3312;Lier;2024;130;9573.0;119944.0;5597000.0;1495000.0;1439000.0;1662000.0;18797000.0;584.6652042202027;156.16839026428497;150.3186044082315;278.1782095476862;173.61328737073018;156.71480024011206;758.2784915909328;914.9932918310449;1438000.0;150.21414394651623;1.0;1.0396383866481225;;
3314;Øvre Eiker;2024;130;12075.0;88251.0;3636000.0;889000.0;477000.0;979000.0;7754000.0;301.11801242236027;73.6231884057971;39.50310559006211;187.99171842650102;81.07660455486543;87.86302704785214;382.1946169772257;470.0576440250778;2354000.0;194.94824016563146;0.9936278674596432;0.37765505522514864;renhold_urimelig_lav;implisitt_pris_utenfor
3316;Modum;2024;130;7713.0;72560.0;6269000.0;1110000.0;880000.0;522000.0;6525000.0;812.7836120834954;143.91287436795022;114.09308958900557;554.7776481265396;67.67794632438739;89.92557883131202;880.4615584078828;970.3871372391948;181527000.0;23535.20031116297;0.9999724558881048;0.006114792840734437;;kwh_urimelig_hoy|implisitt_pris_utenfor
3318;Krødsherad;2024;130;2878.0;18064.0;2180000.0;591000.0;723000.0;315000.0;2618000.0;757.4704656011119;205.3509381514941;251.21612230715775;300.90340514246003;109.45100764419736;144.9291408325952;866.9214732453092;1011.8506140779044;513000.0;178.24878387769283;1.0;1.152046783625731;;
3320;Flå;2024;130;0.0;12194.0;51000.0;11000.0;0.0;0.0;811000.0;;;;;;;;;0.0;;;;areal_mangler;areal_mangler|kwh_mangler
3322;Nesbyen;2024;130;9379.0;34093.0;3211000.0;382000.0;1546000.0;3714000.0;6184000.0;342.3605928137328;40.72928883676298;164.8363364964282;136.79496748054163;395.9910438213029;181.38620831255682;738.3516366350357;919.7378449475925;643000.0;68.55741550271884;1.0;0.5940902021772939;;
3324;Gol;2024;130;6936.0;37004.0;4306000.0;0.0;2203000.0;4000.0;3267000.0;620.8189158016147;0.0;317.6182237600923;303.2006920415225;0.5767012687427913;88.28775267538644;621.3956170703575;709.6833697457439;997000.0;143.74279123414073;1.0;0.0;energi_urimelig_lav;implisitt_pris_utenfor
3326;Hemsedal;2024;130;2823.0;22970.0;1694000.0;122000.0;454000.0;802000.0;2768000.0;600.070846617074;43.216436415161176;160.8218207580588;396.0325894438541;284.0949344668792;120.50500653025685;884.1657810839532;1004.6707876142101;264000.0;93.51753453772582;1.0;0.46212121212121215;;implisitt_pris_utenfor
3328;Ål;2024;130;3515.0;38655.0;1804000.0;209000.0;923000.0;224000.0;3398000.0;513.2290184921764;59.45945945945946;262.58890469416787;191.18065433854906;63.72688477951636;87.90583365670676;576.9559032716927;664.8617369283995;437000.0;124.32432432432432;1.0;0.4782608695652174;;implisitt_pris_utenfor
3330;Hol;2024;130;2771.0;32137.0;1958000.0;269000.0;520000.0;435000.0;6414000.0;706.6041140382533;97.07686755683869;187.65788523998557;421.8693612414291;156.98303861421869;199.58303513084607;863.587152652472;1063.1701877833182;497000.0;179.35763262360157;1.0;0.5412474849094568;;
3332;Sigdal;2024;130;1130.0;20596.0;1572000.0;690000.0;499000.0;265000.0;3664000.0;1391.1504424778761;610.6194690265487;441.5929203539823;338.9380530973451;234.5132743362832;177.89862109147407;1625.6637168141592;1803.5623379056333;610000.0;539.8230088495575;1.0;1.1311475409836067;;kwh_urimelig_hoy
3334;Flesberg;2024;130;2057.0;20497.0;1729000.0;136000.0;333000.0;142000.0;2920000.0;840.5444822557122;66.11570247933884;161.88624210014584;612.5425376762275;69.0325717063685;142.45987217641607;909.5770539620808;1052.0369261384967;209000.0;101.60427807486631;1.0;0.6507177033492823;;
3336;Rollag;2024;130;3408.0;18541.0;1092000.0;398000.0;243000.0;105000.0;3551000.0;320.4225352112676;116.78403755868544;71.30281690140845;132.3356807511737;30.809859154929576;191.52149290761017;351.2323943661972;542.7538872738073;924000.0;271.1267605633803;1.0;0.4307359307359307;;implisitt_pris_utenfor
3338;Nore og Uvdal;2024;130;2548.0;31015.0;3565000.0;565000.0;998000.0;1967000.0;2363000.0;1399.1365777080064;221.7425431711146;391.679748822606;785.7142857142857;771.978021978022;76.1889408350798;2171.114599686028;2247.303540521108;311000.0;122.05651491365776;1.0;1.8167202572347267;;
3401;Kongsvinger;2024;130;2941.0;80962.0;3006000.0;532000.0;690000.0;149000.0;11413000.0;1022.1013260795647;180.89085345120708;234.61407684461068;606.596395783747;50.663039782386946;140.96736740693166;1072.7643658619518;1213.7317332688835;573000.0;194.83168990139407;1.0;0.9284467713787087;;
3403;Hamar;2024;130;11490.0;182784.0;3010000.0;1605000.0;3239000.0;586000.0;23106000.0;261.9669277632724;139.68668407310705;281.8973020017406;-159.61705831157528;51.000870322019146;126.41150210084034;312.9677980852916;439.3793001861319;1314000.0;114.36031331592689;1.0;1.221461187214612;drift_mindre_enn_delposter;
3405;Lillehammer;2024;130;8437.0;118240.0;19725000.0;1761000.0;5365000.0;447000.0;21529000.0;2337.9163209671683;208.7234799099206;635.8895341946189;1493.303306862629;52.98091738769705;182.07882273342355;2390.8972383548653;2572.976061088289;1316000.0;155.97961360673224;1.0;1.3381458966565352;;
3407;Gjøvik;2024;130;0.0;114377.0;5554000.0;1305000.0;1845000.0;62000.0;16821000.0;;;;;;;;;0.0;;;;areal_mangler;areal_mangler|kwh_mangler
3411;Ringsaker;2024;130;11483.0;160559.0;12397000.0;2176000.0;2045000.0;1737000.0;25404000.0;1079.5959244099975;189.49751807019072;178.0893494731342;712.0090568666725;151.26709048158148;158.2222111497954;1230.8630148915788;1389.0852260413742;1871000.0;162.93651484803624;1.0;1.163014430785676;;
3412;Løten;2024;130;3521.0;38951.0;4208000.0;304000.0;507000.0;122000.0;1151000.0;1195.115024140869;86.33910820789548;143.99318375461516;964.7827321783584;34.64924737290542;29.549947369772276;1229.7642715137745;1259.3142188835468;816000.0;231.75234308435103;1.0;0.37254901960784315;;implisitt_pris_utenfor
3413;Stange;2024;130;9476.0;104506.0;8653000.0;1106000.0;4160000.0;596000.0;10000000.0;913.1490080202617;116.71591388771634;439.0037990713381;357.42929506120726;62.89573659772056;95.68828584004746;976.0447446179822;1071.7330304580296;693000.0;73.13212325875897;1.0;1.595959595959596;;
3414;Nord-Odal;2024;130;3780.0;28506.0;1064000.0;383000.0;227000.0;200000.0;2862000.0;281.48148148148147;101.32275132275132;60.05291005291005;120.1058201058201;52.91005291005291;100.39991580719848;334.3915343915344;434.79145019873283;332000.0;87.83068783068784;1.0;1.1536144578313252;;
3415;Sør-Odal;2024;130;5400.0;34464.0;2932000.0;893000.0;531000.0;569000.0;3784000.0;542.9629629629629;165.37037037037038;98.33333333333333;279.25925925925924;105.37037037037037;109.79572887650882;648.3333333333334;758.1290622098422;810000.0;150.0;1.0;1.1024691358024692;;
3416;Eidskog;2024;130;6078.0;31293.0;2938000.0;1457000.0;228000.0;222000.0;3798000.0;483.38269167489307;239.7170121750576;37.51233958538993;206.15333991444555;36.52517275419546;121.36899626114466;519.9078644290885;641.2768606902331;923000.0;151.8591641987496;1.0;1.5785482123510293;renhold_urimelig_lav;
3417;Grue;2024;130;4365.0;19012.0;2506000.0;868000.0;847000.0;188000.0;1675000.0;574.1122565864833;198.8545246277205;194.0435280641466;181.21420389461628;43.06987399770905;88.10225120976226;617.1821305841925;705.2843817939547;644000.0;147.53722794959907;1.0;1.347826086956522;;
3418;Åsnes;2024;130;6850.0;41800.0;2802000.0;1002000.0;558000.0;164000.0;2222000.0;409.05109489051097;146.27737226277372;81.45985401459853;181.31386861313868;23.94160583941606;53.1578947368421;432.992700729927;486.15059546676906;1649000.0;240.72992700729927;1.0;0.6076409945421468;;
3419;Våler (Innlandet);2024;130;3537.0;26050.0;1825000.0;368000.0;312000.0;5000.0;1466000.0;515.973989256432;104.0429742719819;88.21034775233248;323.7206672321176;1.413627367825841;56.27639155470249;517.3876166242578;573.6640081789603;181000.0;51.17331071529545;1.0;2.033149171270718;;kwh_uteligger
3420;Elverum;2024;130;10232.0;106837.0;6165000.0;1848000.0;1580000.0;440000.0;6787000.0;602.5215011727912;180.60985144644252;154.4175136825645;267.4941360437842;43.00234558248632;63.526680831547125;645.5238467552775;709.0505275868246;1140000.0;111.41516810007819;1.0;1.621052631578947;;
3421;Trysil;2024;130;3346.0;31048.0;6232000.0;1014000.0;1765000.0;302000.0;2130000.0;1862.52241482367;303.04841601912733;527.495517035266;1031.9784817692766;90.25702331141662;68.60345271837156;1952.7794381350866;2021.382890853458;767000.0;229.22893006575015;1.0;1.3220338983050848;;
3422;Åmot;2024;130;4500.0;30624.0;3369000.0;978000.0;130000.0;2309000.0;5188000.0;748.6666666666666;217.33333333333334;28.88888888888889;502.44444444444446;513.1111111111111;169.40961337513062;1261.7777777777778;1431.1873911529085;;;;;renhold_urimelig_lav;kwh_mangler
3423;Stor-Elvdal;2024;130;2295.0;18089.0;1247000.0;414000.0;246000.0;24000.0;2284000.0;543.355119825708;180.3921568627451;107.18954248366013;255.77342047930284;10.457516339869281;126.26458068439383;553.8126361655774;680.0772168499713;312000.0;135.94771241830065;1.0;1.326923076923077;;
3424;Rendalen;2024;130;2284.0;15140.0;602000.0;334000.0;0.0;49000.0;11251000.0;263.5726795096322;146.23467600700525;0.0;117.33800350262698;21.453590192644484;743.1307793923381;285.0262697022767;1028.1570490946149;287000.0;125.65674255691769;1.0;1.1637630662020906;renhold_urimelig_lav;
3425;Engerdal;2024;130;2600.0;14750.0;1485000.0;374000.0;309000.0;840000.0;1191000.0;571.1538461538462;143.84615384615384;118.84615384615384;308.46153846153845;323.0769230769231;80.7457627118644;894.2307692307693;974.9765319426336;225000.0;86.53846153846153;1.0;1.6622222222222223;;
3426;Tolga;2024;130;3090.0;15986.0;996000.0;321000.0;196000.0;337000.0;2114000.0;322.33009708737865;103.88349514563107;63.43042071197411;155.01618122977345;109.06148867313915;132.24071062179408;431.3915857605178;563.6322963823119;508000.0;164.40129449838187;1.0;0.6318897637795277;;
3427;Tynset;2024;130;3710.0;48773.0;1246000.0;510000.0;193000.0;357000.0;2483000.0;335.8490566037736;137.46630727762803;52.02156334231806;146.36118598382748;96.22641509433963;50.909314579787996;432.07547169811323;482.9847862779012;1265000.0;340.9703504043127;1.0;0.4031620553359684;;implisitt_pris_utenfor
3428;Alvdal;2024;130;3387.0;23607.0;1598000.0;432000.0;646000.0;220000.0;0.0;471.8039563035134;127.5465013286094;190.72925893120757;153.52819604369648;64.95423678771775;0.0;536.7581930912312;536.7581930912312;397000.0;117.2128727487452;1.0;1.0881612090680102;;
3429;Folldal;2024;130;2046.0;13409.0;590000.0;349000.0;132000.0;110000.0;383000.0;288.36754643206257;170.5767350928641;64.51612903225806;53.27468230694037;53.763440860215056;28.562905511223804;342.1309872922776;370.6938928035014;243000.0;118.7683284457478;1.0;1.4362139917695473;;
3430;Os;2024;130;3097.0;16925.0;896000.0;269000.0;318000.0;153000.0;509000.0;289.31223764933804;86.85824991927672;102.6800129157249;99.77397481433646;49.402647723603486;30.073855243722303;338.7148853729416;368.78874061666386;292000.0;94.28479173393606;1.0;0.9212328767123288;;
3431;Dovre;2024;130;1274.0;20099.0;1304000.0;184000.0;354000.0;392000.0;1070000.0;1023.5478806907379;144.4270015698587;277.8649921507064;601.2558869701727;307.6923076923077;53.23647942683716;1331.2401883830455;1384.4766678098827;214000.0;167.97488226059656;1.0;0.8598130841121494;;
3432;Lesja;2024;130;3751.0;21230.0;2280000.0;326000.0;705000.0;240000.0;1292000.0;607.8379098906959;86.91015729138897;187.94988003199146;332.9778725673154;63.98293788323114;60.857277437588316;671.820847773927;732.6781252115153;228000.0;60.78379098906958;1.0;1.429824561403509;;
3433;Skjåk;2024;130;2687.0;19390.0;1081000.0;178000.0;84000.0;327000.0;1966000.0;402.30740602902864;66.24488276888724;31.26163007071083;304.8008931894306;121.6970599181243;101.39247034553894;524.004465947153;625.396936292692;458000.0;170.45031633792334;1.0;0.388646288209607;renhold_urimelig_lav;implisitt_pris_utenfor
3434;Lom;2024;130;0.0;0.0;1579000.0;200000.0;881000.0;40000.0;1963000.0;;;;;;;;;0.0;;;;areal_mangler;areal_mangler|kwh_mangler
3435;Vågå;2024;130;3000.0;25419.0;1393000.0;415000.0;516000.0;190000.0;2847000.0;464.3333333333333;138.33333333333334;172.0;154.0;63.333333333333336;112.00283252685;527.6666666666666;639.6694991935167;346000.0;115.33333333333333;1.0;1.1994219653179192;;
3436;Nord-Fron;2024;130;6240.0;50276.0;3291000.0;952000.0;991000.0;192000.0;3362000.0;527.4038461538462;152.56410256410257;158.81410256410257;216.02564102564102;30.76923076923077;66.87087278224202;558.1730769230769;625.0439497053189;1198000.0;191.98717948717947;1.0;0.7946577629382304;;
3437;Sel;2024;130;4600.0;41280.0;2299000.0;493000.0;624000.0;101000.0;3116000.0;499.7826086956522;107.17391304347827;135.65217391304347;256.95652173913044;21.956521739130434;75.48449612403101;521.7391304347826;597.2236265588136;608000.0;132.17391304347825;1.0;0.8108552631578948;;
3438;Sør-Fron;2024;130;4340.0;28896.0;3813000.0;570000.0;1238000.0;217000.0;129000.0;878.5714285714286;131.3364055299539;285.2534562211982;461.9815668202765;50.0;4.464285714285714;928.5714285714286;933.0357142857142;697000.0;160.59907834101384;1.0;0.8177905308464848;;
3439;Ringebu;2024;130;3800.0;28418.0;965000.0;41000.0;269000.0;27000.0;2418000.0;253.94736842105263;10.789473684210526;70.78947368421052;172.3684210526316;7.105263157894737;85.08691674290942;261.05263157894734;346.13954832185675;424000.0;111.57894736842105;1.0;0.09669811320754716;energi_urimelig_lav;implisitt_pris_utenfor
3440;Øyer;2024;130;4717.0;35522.0;4199000.0;1179000.0;1161000.0;368000.0;768000.0;890.1844392622429;249.94700021199915;246.13101547593809;394.1064235743057;78.01568793724825;21.620404256517087;968.2001271994912;989.8205314560083;434000.0;92.00763196947213;1.0;2.7165898617511517;;
3441;Gausdal;2024;130;2790.0;35859.0;1747000.0;269000.0;508000.0;97000.0;5722000.0;626.1648745519714;96.415770609319;182.078853046595;347.6702508960573;34.76702508960574;159.56942469115145;660.931899641577;820.5013243327285;301000.0;107.8853046594982;1.0;0.8936877076411961;;
3442;Østre Toten;2024;130;7370.0;71409.0;5569000.0;1469000.0;849000.0;997000.0;10518000.0;755.6309362279511;199.3215739484396;115.1967435549525;441.112618724559;135.27815468113977;147.29235810612107;890.9090909090909;1038.201449015212;1078000.0;146.26865671641792;1.0;1.3627087198515768;;
3443;Vestre Toten;2024;130;10725.0;75284.0;7097000.0;2597000.0;1551000.0;296000.0;8242000.0;661.7249417249417;242.14452214452214;144.6153846153846;274.965034965035;27.5990675990676;109.47877371021731;689.3240093240094;798.8027830342266;2174000.0;202.7039627039627;1.0;1.1945722171113156;;
3446;Gran;2024;130;11338.0;77303.0;5129000.0;1994000.0;1114000.0;518000.0;4958000.0;452.37255247839124;175.8687599223849;98.25366025754101;178.25013229846533;45.68707002998765;64.1372262396026;498.0596225083789;562.1968487479814;1449000.0;127.80031751631681;1.0;1.3761214630779848;;
3447;Søndre Land;2024;130;3962.0;28810.0;3063000.0;676000.0;1039000.0;882000.0;1832000.0;773.0943967693084;170.62089853609288;262.241292276628;340.23220595658756;222.61484098939928;63.58903158625477;995.7092377587077;1059.2982693449624;608000.0;153.45784957092377;1.0;1.111842105263158;;
3448;Nordre Land;2024;130;5655.0;49357.0;5250000.0;903000.0;1375000.0;30000.0;2516000.0;928.3819628647215;159.6816976127321;243.14765694076038;525.552608311229;5.305039787798409;50.975545515327106;933.6870026525199;984.662548167847;838000.0;148.18744473916888;1.0;1.077565632458234;;
3449;Sør-Aurdal;2024;130;4213.0;20692.0;1725000.0;694000.0;58000.0;585000.0;2863000.0;409.4469499169238;164.72822216947543;13.7669119392357;230.95181580821267;138.85592214573938;138.36265223274697;548.3028720626631;686.6655242954101;517000.0;122.7154046997389;1.0;1.3423597678916828;renhold_urimelig_lav;
3450;Etnedal;2024;130;1160.0;12840.0;196000.0;149000.0;0.0;2000.0;1763000.0;168.9655172413793;128.44827586206895;0.0;40.51724137931034;1.7241379310344827;137.30529595015577;170.68965517241378;307.99495112256955;131000.0;112.93103448275862;1.0;1.1374045801526718;drift_urimelig_lav|renhold_urimelig_lav;
3451;Nord-Aurdal;2024;130;3882.0;26813.0;4314000.0;750000.0;1155000.0;202000.0;2571000.0;1111.2828438948995;193.19938176197837;297.52704791344667;620.5564142194745;52.03503348789284;95.8863237981576;1163.3178773827924;1259.20420118095;708000.0;182.38021638330758;1.0;1.0593220338983051;;
3452;Vestre Slidre;2024;130;1820.0;13556.0;1771000.0;500000.0;451000.0;523000.0;0.0;973.0769230769231;274.72527472527474;247.8021978021978;450.54945054945057;287.3626373626374;0.0;1260.4395604395604;1260.4395604395604;290000.0;159.34065934065933;1.0;1.724137931034483;;
3453;Øystre Slidre;2024;130;3099.0;26228.0;2172000.0;447000.0;378000.0;929000.0;466000.0;700.8712487899322;144.2400774443369;121.97483059051306;434.6563407550823;299.77412068409166;17.76727161811804;1000.6453694740238;1018.4126410921418;426000.0;137.46369796708615;1.0;1.0492957746478875;;
3454;Vang;2024;130;1400.0;18100.0;1965000.0;150000.0;302000.0;185000.0;1140000.0;1403.5714285714287;107.14285714285714;215.71428571428572;1080.7142857142858;132.14285714285714;62.98342541436464;1535.7142857142858;1598.6977111286503;319000.0;227.85714285714286;1.0;0.47021943573667707;;implisitt_pris_utenfor
3901;Horten;2024;130;6989.0;127794.0;2964000.0;1015000.0;993000.0;130000.0;7080000.0;424.0950064386894;145.22821576763485;142.08041207611961;136.7863785949349;18.6006581771355;55.40166204986149;442.69566461582485;498.09732666568635;1002000.0;143.3681499499213;1.0;1.0129740518962076;;
3903;Holmestrand;2024;130;11283.0;114682.0;4960000.0;1532000.0;801000.0;1295000.0;10774000.0;439.5993973234069;135.7794912700523;70.9917575113002;232.8281485420544;114.77443942213951;93.94673968015906;554.3738367455464;648.3205764257054;1927000.0;170.78791101657362;0.915412558380903;0.7950181629475869;;
3905;Tønsberg;2024;130;12760.0;232864.0;9813000.0;1950000.0;2771000.0;1161000.0;16956000.0;769.0438871473355;152.82131661442006;217.1630094043887;399.05956112852664;90.98746081504702;72.81503366772021;860.0313479623825;932.8463816301027;1712000.0;134.16927899686522;1.0;1.139018691588785;;
3907;Sandefjord;2024;130;13311.0;268962.0;15599000.0;2101000.0;1636000.0;797000.0;15105000.0;1171.8879122530238;157.83938096311323;122.90586732777402;891.1426639621366;59.87529111261363;56.16034978918955;1231.7632033656375;1287.923553154827;1891000.0;142.06295545037938;1.0;1.1110523532522476;;
3909;Larvik;2024;130;3100.0;178976.0;6458000.0;1370000.0;1032000.0;120000.0;10829000.0;2083.2258064516127;441.93548387096774;332.9032258064516;1308.3870967741937;38.70967741935484;60.505319148936174;2121.935483870968;2182.440803019904;480000.0;154.83870967741936;1.0;2.8541666666666665;;
3911;Færder;2024;130;1080.0;91199.0;4885000.0;933000.0;1961000.0;61000.0;10919000.0;4523.148148148148;863.8888888888889;1815.7407407407406;1843.5185185185185;56.48148148148148;119.72718999111832;4579.62962962963;4699.356819620748;1608000.0;1488.888888888889;1.0;0.5802238805970149;DV_uteligger_hoy;kwh_urimelig_hoy
4001;Porsgrunn;2024;130;14697.0;182778.0;9903000.0;2360000.0;1630000.0;1224000.0;16643000.0;673.8109818330272;160.57698850105464;110.90698782064366;402.3270055113288;83.28230251071648;91.05581634551204;757.0932843437437;848.1491006892558;1678000.0;114.17296046812275;1.0;1.4064362336114422;;
4003;Skien;2024;130;13018.0;252065.0;33131000.0;6377000.0;2354000.0;3550000.0;18731000.0;2545.0145951759105;489.8601935781226;180.82654785681365;1874.327853740974;272.69933937624825;74.31019776644914;2817.7139345521587;2892.024132318608;1996000.0;153.32616377323706;1.0;3.1948897795591185;;implisitt_pris_utenfor
4005;Notodden;2024;130;4877.0;57571.0;2498000.0;786000.0;638000.0;247000.0;2200000.0;512.2001230264507;161.16465039983598;130.81812589706786;220.21734672954685;50.64588886610621;38.21368397283354;562.8460118925569;601.0596958653905;659000.0;135.1240516711093;1.0;1.1927162367223065;;
4010;Siljan;2024;130;1533.0;11558.0;995000.0;174000.0;530000.0;325000.0;256000.0;649.0541422048271;113.50293542074364;345.7273320287019;189.8238747553816;212.00260926288323;22.14916075445579;861.0567514677103;883.2059122221661;157000.0;102.41356816699282;1.0;1.10828025477707;;
4012;Bamble;2024;130;9197.0;79257.0;4415000.0;261000.0;2107000.0;570000.0;5581000.0;480.0478416875068;28.378819180167447;229.0964444927694;222.57257801456996;61.97673154289442;70.41649318041308;542.0245732304012;612.4410664108143;316000.0;34.359030118516905;1.0;0.8259493670886077;energi_urimelig_lav;kwh_urimelig_lav
4014;Kragerø;2024;130;1888.0;50804.0;4935000.0;696000.0;980000.0;301000.0;2090000.0;2613.8771186440677;368.64406779661016;519.0677966101695;1726.165254237288;159.42796610169492;41.13849303204472;2773.3050847457625;2814.443577777807;449000.0;237.8177966101695;1.0;1.5501113585746102;;
4016;Drangedal;2024;130;2390.0;21691.0;3808000.0;386000.0;1668000.0;828000.0;311000.0;1593.305439330544;161.50627615062763;697.907949790795;733.8912133891214;346.44351464435147;14.337743764695034;1939.7489539748954;1954.0866977395904;365000.0;152.71966527196653;1.0;1.0575342465753426;;
4018;Nome;2024;130;3068.0;34376.0;6291000.0;1001000.0;866000.0;897000.0;2067000.0;2050.5215123859193;326.271186440678;282.2685788787484;1441.9817470664927;292.3728813559322;60.12915987898534;2342.894393741851;2403.0235536208365;740000.0;241.19947848761407;1.0;1.3527027027027028;;
4020;Midt-Telemark;2024;130;1666.0;40078.0;1435000.0;372000.0;472000.0;244000.0;6335000.0;861.344537815126;223.2893157262905;283.31332533013205;354.7418967587035;146.45858343337335;158.06676979889215;1007.8031212484995;1165.8698910473915;174000.0;104.44177671068428;1.0;2.1379310344827585;;
4022;Seljord;2024;130;1000.0;11901.0;874000.0;194000.0;366000.0;176000.0;2165000.0;874.0;194.0;366.0;314.0;176.0;181.91748592555248;1050.0;1231.9174859255525;218000.0;218.0;1.0;0.8899082568807339;;
4024;Hjartdal;2024;130;1350.0;10139.0;1137000.0;344000.0;269000.0;177000.0;541000.0;842.2222222222222;254.8148148148148;199.25925925925927;388.14814814814815;131.11111111111111;53.35831936088372;973.3333333333334;1026.691652694217;326000.0;241.4814814814815;1.0;1.0552147239263803;;
4026;Tinn;2024;130;5368.0;45107.0;3247000.0;987000.0;442000.0;614000.0;3414000.0;604.8807749627422;183.86736214605068;82.3397913561848;338.6736214605067;114.38152011922504;75.68670051211564;719.2622950819672;794.9489955940828;1097000.0;204.3591654247392;1.0;0.8997265268915224;;
4028;Kviteseid;2024;130;2700.0;16887.0;1963000.0;447000.0;492000.0;298000.0;415000.0;727.0370370370371;165.55555555555554;182.22222222222223;379.25925925925924;110.37037037037037;24.57511695386984;837.4074074074074;861.9825243612772;336000.0;124.44444444444444;1.0;1.3303571428571428;;
4030;Nissedal;2024;130;890.0;11270.0;932000.0;159000.0;244000.0;188000.0;354000.0;1047.191011235955;178.65168539325842;274.1573033707865;594.3820224719101;211.23595505617976;31.410825199645075;1258.426966292135;1289.83779149178;;;;;;kwh_mangler
4032;Fyresdal;2024;130;0.0;8528.0;220000.0;0.0;11000.0;2000.0;23000.0;;;;;;;;;0.0;;;;areal_mangler;areal_mangler|kwh_mangler
4034;Tokke;2024;130;3000.0;24515.0;1429000.0;476000.0;464000.0;59000.0;1891000.0;476.3333333333333;158.66666666666666;154.66666666666666;163.0;19.666666666666668;77.13644707322048;496.0;573.1364470732204;453000.0;151.0;1.0;1.0507726269315674;;
4036;Vinje;2024;130;2600.0;39697.0;2908000.0;821000.0;790000.0;600000.0;588000.0;1118.4615384615386;315.7692307692308;303.84615384615387;498.84615384615387;230.76923076923077;14.812202433433256;1349.2307692307693;1364.0429716642025;650000.0;250.0;1.0;1.263076923076923;;
4201;Risør;2024;130;5035.0;47523.0;2542000.0;658000.0;609000.0;155000.0;3635000.0;504.86593843098314;130.68520357497516;120.95332671300893;253.227408142999;30.784508440913605;76.48927887549186;535.6504468718967;612.1397257473886;562000.0;111.61866931479642;0.9786476868327402;1.1708185053380782;;
4202;Grimstad;2024;130;5400.0;87830.0;6326000.0;1035000.0;1879000.0;16000.0;10797000.0;1171.4814814814815;191.66666666666666;347.962962962963;631.8518518518518;2.962962962962963;122.93066150518047;1174.4444444444443;1297.3751059496249;546000.0;101.11111111111111;1.0;1.8956043956043955;;
4203;Arendal;2024;130;10735.0;195284.0;10952000.0;2659000.0;3132000.0;3322000.0;13323000.0;1020.2142524452725;247.69445738239403;291.75593851886356;480.7638565440149;309.45505356311133;68.22371520452265;1329.6693060083837;1397.8930212129064;2232000.0;207.918025151374;1.0;1.1913082437275986;;
4204;Kristiansand;2024;130;29243.0;501740.0;39246000.0;6028000.0;13251000.0;3772000.0;66113000.0;1342.0647676366993;206.1348014909551;453.13408337037924;682.795882775365;128.9881339123893;131.7674492765177;1471.0529015490886;1602.8203508256063;3007000.0;102.82802722018944;1.0;2.0046558031260395;;
4205;Lindesnes;2024;130;6690.0;139589.0;4312000.0;1221000.0;544000.0;360000.0;6214000.0;644.5440956651719;182.51121076233184;81.31539611360239;380.7174887892377;53.81165919282511;44.516401722198744;698.355754857997;742.8721565801958;790000.0;118.08669656203288;1.0;1.5455696202531646;;
4206;Farsund;2024;130;2775.0;50361.0;1448000.0;476000.0;373000.0;75000.0;6302000.0;521.8018018018018;171.53153153153153;134.4144144144144;215.85585585585585;27.027027027027028;125.13651436627549;548.8288288288288;673.9653431951043;350000.0;126.12612612612612;1.0;1.36;;
4207;Flekkefjord;2024;130;0.0;51181.0;3371000.0;1483000.0;773000.0;2469000.0;1513000.0;;;;;;;;;375000.0;;1.0;;areal_mangler;areal_mangler
4211;Gjerstad;2024;130;1184.0;17155.0;3958000.0;775000.0;315000.0;183000.0;0.0;3342.9054054054054;654.5608108108108;266.0472972972973;2422.2972972972975;154.5608108108108;0.0;3497.4662162162163;3497.4662162162163;608000.0;513.5135135135135;1.0;1.274671052631579;;kwh_urimelig_hoy
4212;Vegårshei;2024;130;2480.0;15651.0;1283000.0;552000.0;163000.0;62000.0;272000.0;517.3387096774194;222.58064516129033;65.7258064516129;229.03225806451613;25.0;17.379081208868442;542.3387096774194;559.7177908862878;626000.0;252.41935483870967;1.0;0.8817891373801918;;
4213;Tvedestrand;2024;130;884.0;40327.0;605000.0;191000.0;156000.0;85000.0;2282000.0;684.3891402714933;216.06334841628959;176.47058823529412;291.8552036199095;96.15384615384616;56.58739802117688;780.5429864253393;837.1303844465162;68000.0;76.92307692307692;1.0;2.808823529411765;;
4214;Froland;2024;130;2380.0;37863.0;4277000.0;902000.0;972000.0;128000.0;3640000.0;1797.0588235294117;378.99159663865544;408.4033613445378;1009.6638655462185;53.78151260504202;96.13606951377334;1850.8403361344538;1946.976405648227;544000.0;228.57142857142858;1.0;1.6580882352941175;;
4215;Lillesand;2024;130;3236.0;68798.0;941000.0;295000.0;286000.0;53000.0;3107000.0;290.7911001236094;91.1619283065513;88.38071693448703;111.24845488257108;16.378244746600743;45.16119654641123;307.1693448702101;352.3305414166214;462000.0;142.7688504326329;1.0;0.6385281385281385;;
4216;Birkenes;2024;130;3837.0;57422.0;5352000.0;358000.0;1227000.0;209000.0;1881000.0;1394.8397185301017;93.30205890018243;319.7810789679437;981.7565806619755;54.469637737816;32.75747971160879;1449.3093562679176;1482.0668359795263;426000.0;111.02423768569194;1.0;0.8403755868544601;;
4217;Åmli;2024;130;1470.0;14216.0;2609000.0;373000.0;310000.0;279000.0;334000.0;1774.8299319727892;253.74149659863946;210.8843537414966;1310.204081632653;189.79591836734693;23.4946539110861;1964.6258503401361;1988.1205042512222;147000.0;100.0;1.0;2.5374149659863945;;
4218;Iveland;2024;130;1372.0;11351.0;1197000.0;118000.0;237000.0;232000.0;1684000.0;872.4489795918367;86.00583090379008;172.7405247813411;613.7026239067055;169.09620991253644;148.35697295392475;1041.5451895043732;1189.9021624582979;166000.0;120.99125364431487;1.0;0.7108433734939759;;
4219;Evje og Hornnes;2024;130;1350.0;27367.0;644000.0;143000.0;231000.0;27000.0;980000.0;477.037037037037;105.92592592592592;171.11111111111111;200.0;20.0;35.8095516497972;497.037037037037;532.8465886868343;163000.0;120.74074074074075;1.0;0.8773006134969324;;
4220;Bygland;2024;130;620.0;14707.0;1502000.0;390000.0;535000.0;48000.0;717000.0;2422.5806451612902;629.0322580645161;862.9032258064516;930.6451612903226;77.41935483870968;48.75229482559325;2500.0;2548.7522948255933;259000.0;417.741935483871;1.0;1.5057915057915057;;kwh_uteligger
4221;Valle;2024;130;1618.0;14646.0;2879000.0;415000.0;993000.0;164000.0;1010000.0;1779.3572311495673;256.4894932014833;613.7206427688504;909.1470951792336;101.35970333745365;68.96080841185307;1880.716934487021;1949.6777428988742;672000.0;415.32756489493204;1.0;0.6175595238095237;;kwh_uteligger
4222;Bykle;2024;130;2000.0;20819.0;3369000.0;673000.0;489000.0;602000.0;360000.0;1684.5;336.5;244.5;1103.5;301.0;17.29189682501561;1985.5;2002.7918968250156;365000.0;182.5;1.0;1.8438356164383563;;
4223;Vennesla;2024;130;3500.0;70424.0;1834000.0;537000.0;532000.0;138000.0;6274000.0;524.0;153.42857142857142;152.0;218.57142857142858;39.42857142857143;89.08894694990344;563.4285714285714;652.5175183784748;363000.0;103.71428571428571;1.0;1.4793388429752066;;
4224;Åseral;2024;130;2780.0;15104.0;2858000.0;422000.0;1148000.0;350000.0;1888000.0;1028.0575539568345;151.79856115107913;412.9496402877698;463.3093525179856;125.89928057553956;125.0;1153.9568345323742;1278.9568345323742;292000.0;105.03597122302158;1.0;1.4452054794520548;;
4225;Lyngdal;2024;130;5235.0;63786.0;4622000.0;976000.0;656000.0;26000.0;137000.0;882.9035339063993;186.43744030563514;125.31041069723018;571.155682903534;4.966571155682904;2.1478067287492553;887.8701050620822;890.0179117908315;612000.0;116.9054441260745;1.0;1.5947712418300652;;
4226;Hægebostad;2024;130;1200.0;11693.0;297000.0;117000.0;104000.0;39000.0;279000.0;247.5;97.5;86.66666666666667;63.333333333333336;32.5;23.860429316685195;280.0;303.8604293166852;113000.0;94.16666666666667;1.0;1.0353982300884956;;
4227;Kvinesdal;2024;130;3743.0;51961.0;2944000.0;456000.0;805000.0;28000.0;972000.0;786.5348650814855;121.8274111675127;215.06812717071867;449.63932674325406;7.480630510285867;18.706337445391735;794.0154955917714;812.721833037163;597000.0;159.49772909430936;1.0;0.763819095477387;;
4228;Sirdal;2024;130;7400.0;71032.0;2674000.0;599000.0;1092000.0;590000.0;5197000.0;361.35135135135135;80.94594594594595;147.56756756756758;132.83783783783784;79.72972972972973;73.16420768104517;441.0810810810811;514.2452887621263;1276000.0;172.43243243243242;1.0;0.469435736677116;;implisitt_pris_utenfor
4601;Bergen;2024;130;49410.0;924903.0;32619000.0;9432000.0;2685000.0;6565000.0;177445000.0;660.1700060716454;190.89253187613843;54.34122647237401;414.93624772313296;132.86784051811375;191.85255102426956;793.0378465897592;984.8903976140288;7904000.0;159.96761789111517;1.0;1.19331983805668;;
4602;Kinn;2024;130;1358.0;87531.0;4483000.0;471000.0;765000.0;193000.0;3406000.0;3301.178203240059;346.83357879234165;563.3284241531665;2391.016200294551;142.12076583210603;38.91192834538621;3443.298969072165;3482.210897417551;400000.0;294.5508100147275;1.0;1.1775;;
4611;Etne;2024;130;2439.0;31066.0;1883000.0;539000.0;458000.0;92000.0;438000.0;772.0377203772038;220.99220992209922;187.78187781877818;363.26363263632635;37.72037720377204;14.099015000321895;809.7580975809758;823.8571125812977;5153000.0;2112.751127511275;1.0;0.10459926256549583;;kwh_urimelig_hoy|implisitt_pris_utenfor
4612;Sveio;2024;130;4803.0;35873.0;455000.0;63000.0;93000.0;19000.0;1026000.0;94.73245887986675;13.11680199875078;19.362898188632105;62.252758692483866;3.955860920258172;28.60089761101664;98.68831980012492;127.28921741114155;520000.0;108.26566729127629;1.0;0.12115384615384615;drift_urimelig_lav|energi_urimelig_lav|renhold_urimelig_lav;implisitt_pris_utenfor
4613;Bømlo;2024;130;3314.0;64996.0;2073000.0;560000.0;756000.0;389000.0;2150000.0;625.5280627640313;168.98008449004226;228.12311406155703;228.4248642124321;117.38080869040435;33.07895870515109;742.9088714544357;775.9878301595868;362000.0;109.23355461677731;1.0;1.5469613259668509;;
4614;Stord;2024;130;4478.0;87940.0;4966000.0;1003000.0;1806000.0;208000.0;6143000.0;1108.9772219740955;223.98392139347922;403.3050468959357;481.68825368468066;46.44930772666369;69.85444621332726;1155.4265297007594;1225.2809759140866;1387000.0;309.73648950424297;1.0;0.7231434751261716;;
4615;Fitjar;2024;130;678.0;14833.0;1715000.0;317000.0;683000.0;82000.0;0.0;2529.4985250737464;467.55162241887905;1007.3746312684366;1054.5722713864307;120.94395280235989;0.0;2650.4424778761063;2650.4424778761063;196000.0;289.08554572271385;1.0;1.6173469387755104;;
4616;Tysnes;2024;130;0.0;0.0;642000.0;223000.0;14000.0;393000.0;610000.0;;;;;;;;;83000.0;;1.0;;areal_mangler;areal_mangler
4617;Kvinnherad;2024;130;8575.0;100553.0;4617000.0;1041000.0;2009000.0;326000.0;2148000.0;538.4256559766764;121.399416909621;234.28571428571428;182.7405247813411;38.01749271137026;21.36186886517558;576.4431486880467;597.8050175532222;789000.0;92.01166180758017;1.0;1.3193916349809887;;
4618;Ullensvang;2024;130;30093.0;113834.0;6338000.0;1425000.0;1441000.0;2330000.0;10921000.0;210.61376399827202;47.35320506430067;47.88489017379457;115.37566876017678;77.42664407004952;95.93794472653161;288.04040806832154;383.97835279485315;3313000.0;110.09204798458113;1.0;0.43012375490492;renhold_urimelig_lav;implisitt_pris_utenfor
4619;Eidfjord;2024;130;0.0;0.0;2595000.0;692000.0;902000.0;386000.0;582000.0;;;;;;;;;520000.0;;1.0;;areal_mangler;areal_mangler
4620;Ulvik;2024;130;2986.0;12202.0;1908000.0;529000.0;377000.0;131000.0;509000.0;638.981915606162;177.16008037508374;126.25586068318822;335.56597454789016;43.87139986604153;41.714473037207014;682.8533154722036;724.5677885094105;398000.0;133.2886805090422;1.0;1.3291457286432162;;
4621;Voss;2024;130;5064.0;82628.0;5451000.0;945000.0;1218000.0;1665000.0;21308000.0;1076.4218009478673;186.61137440758293;240.521327014218;649.2890995260664;328.7914691943128;257.87868519146053;1405.2132701421801;1663.0919553336407;984000.0;194.3127962085308;1.0;0.9603658536585366;;
4622;Kvam;2024;130;5385.0;57970.0;2576000.0;688000.0;607000.0;432000.0;4025000.0;478.36583101207054;127.7623026926648;112.7205199628598;237.88300835654596;80.22284122562674;69.4324650681387;558.5886722376973;628.021137305836;750000.0;139.27576601671308;1.0;0.9173333333333333;;
4624;Bjørnafjorden;2024;130;6242.0;114302.0;8597000.0;2412000.0;2564000.0;716000.0;6257000.0;1377.2829221403397;386.41461070169817;410.7657801986543;580.1025312399872;114.70682473566164;54.7409494147084;1491.9897468760014;1546.7306962907098;1018000.0;163.0887536046139;1.0;2.369351669941061;;
4625;Austevoll;2024;130;4501.0;34936.0;4308000.0;366000.0;1382000.0;419000.0;1543000.0;957.1206398578094;81.31526327482781;307.0428793601422;568.7624972228393;93.09042435014442;44.16647584153881;1050.2110642079538;1094.3775400494926;107000.0;23.772495001110865;1.0;3.420560747663551;;kwh_urimelig_lav|implisitt_pris_utenfor
4626;Øygarden;2024;130;13943.0;177445.0;16758000.0;3992000.0;4195000.0;1614000.0;18031000.0;1201.8934232231227;286.30854192067704;300.86781897726456;614.7170623251811;115.75701068636592;101.61458480092423;1317.6504339094886;1419.2650187104127;3162000.0;226.78046331492504;1.0;1.2624920936116382;;
4627;Askøy;2024;130;4800.0;114395.0;2116000.0;726000.0;548000.0;459000.0;18036000.0;440.8333333333333;151.25;114.16666666666667;175.41666666666666;95.625;157.66423357664235;536.4583333333334;694.1225669099757;902000.0;187.91666666666666;1.0;0.8048780487804879;;
4628;Vaksdal;2024;130;4100.0;33341.0;3879000.0;796000.0;363000.0;113000.0;1750000.0;946.0975609756098;194.14634146341464;88.53658536585365;663.4146341463414;27.5609756097561;52.48792777661138;973.6585365853658;1026.1464643619772;1305000.0;318.2926829268293;1.0;0.6099616858237548;;
4629;Modalen;2024;130;2100.0;7749.0;939000.0;82000.0;560000.0;81000.0;532000.0;447.14285714285717;39.04761904761905;266.6666666666667;141.42857142857142;38.57142857142857;68.65401987353206;485.7142857142857;554.3683055878178;96000.0;45.714285714285715;1.0;0.8541666666666667;energi_urimelig_lav;kwh_urimelig_lav
4630;Osterøy;2024;130;4965.0;34629.0;2923000.0;674000.0;1154000.0;304000.0;1306000.0;588.7210473313193;135.75025176233635;232.4269889224572;220.54380664652567;61.22860020140987;37.71405469404257;649.9496475327292;687.6637022267718;0.0;0.0;;;;kwh_null|kwh_urimelig_lav
4631;Alver;2024;130;18012.0;156397.0;6587000.0;1336000.0;2076000.0;1423000.0;16967000.0;365.70064401510103;74.17277370641794;115.25649566955363;176.27137463912948;79.00288696424606;108.48673567907313;444.7035309793471;553.1902666584202;1151000.0;63.901843215634024;1.0;1.1607298001737618;;
4633;Fedje;2024;130;270.0;6067.0;211000.0;55000.0;68000.0;12000.0;647000.0;781.4814814814815;203.7037037037037;251.85185185185185;325.9259259259259;44.44444444444444;106.64249217075985;825.925925925926;932.5684180966858;29000.0;107.4074074074074;1.0;1.896551724137931;areal_for_lite;areal_for_lite
4634;Masfjorden;2024;130;1800.0;22065.0;1018000.0;509000.0;348000.0;192000.0;0.0;565.5555555555555;282.77777777777777;193.33333333333334;89.44444444444444;106.66666666666667;0.0;672.2222222222222;672.2222222222222;305000.0;169.44444444444446;1.0;1.6688524590163933;;
4635;Gulen;2024;130;1668.0;17347.0;497000.0;170000.0;4000.0;350000.0;4205000.0;297.96163069544366;101.91846522781775;2.3980815347721824;193.6450839328537;209.83213429256594;242.40502680578774;507.79376498800957;750.1987917937973;158000.0;94.7242206235012;1.0;1.0759493670886076;renhold_urimelig_lav;
4636;Solund;2024;130;880.0;5599.0;527000.0;98000.0;214000.0;38000.0;1313000.0;598.8636363636364;111.36363636363636;243.1818181818182;244.3181818181818;43.18181818181818;234.50616181460975;642.0454545454545;876.5516163600643;108000.0;122.72727272727273;1.0;0.9074074074074073;;
4637;Hyllestad;2024;130;3154.0;13426.0;244000.0;56000.0;97000.0;22000.0;361000.0;77.36207989854154;17.755231452124285;30.754597336715282;28.852251109701967;6.975269499048827;26.888127513779235;84.33734939759036;111.2254769113696;298000.0;94.48319594166138;1.0;0.1879194630872483;drift_urimelig_lav|energi_urimelig_lav|renhold_urimelig_lav;implisitt_pris_utenfor
4638;Høyanger;2024;130;2711.0;27096.0;2606000.0;352000.0;610000.0;213000.0;-191000.0;961.2689044632976;129.84138694208778;225.0092216894135;606.4182958317964;78.56879380302472;-7.049010924121641;1039.8376982663224;1032.7886873422008;494000.0;182.22058281077094;1.0;0.7125506072874493;;
4639;Vik;2024;130;1545.0;17241.0;469000.0;310000.0;0.0;48000.0;1161000.0;303.5598705501618;200.6472491909385;0.0;102.9126213592233;31.067961165048544;67.33948146859231;334.62783171521033;401.9673131838026;1631000.0;1055.663430420712;1.0;0.19006744328632738;renhold_urimelig_lav;kwh_urimelig_hoy|implisitt_pris_utenfor
4640;Sogndal;2024;130;15335.0;85622.0;3991000.0;1498000.0;607000.0;584000.0;2154000.0;260.25432018258886;97.68503423540919;39.58265405934137;122.98663188783827;38.08281708509944;25.15708579570671;298.3371372676883;323.49422306339505;1031000.0;67.23182262797522;1.0;1.4529582929194955;renhold_urimelig_lav;
4641;Aurland;2024;130;3570.0;25959.0;2144000.0;374000.0;1046000.0;373000.0;2599000.0;600.5602240896359;104.76190476190476;292.99719887955183;202.80112044817926;104.48179271708683;100.11941908394006;705.0420168067227;805.1614358906628;601000.0;168.34733893557424;1.0;0.622296173044925;;
4642;Lærdal;2024;130;1616.0;14438.0;992000.0;440000.0;238000.0;171000.0;0.0;613.8613861386139;272.2772277227723;147.27722772277227;194.30693069306932;105.81683168316832;0.0;719.6782178217821;719.6782178217821;362000.0;224.009900990099;1.0;1.2154696132596687;;
4643;Årdal;2024;130;3092.0;39566.0;1094000.0;766000.0;294000.0;189000.0;4437000.0;353.8163001293661;247.73609314359638;95.08408796895213;10.996119016817595;61.1254851228978;112.14173785573472;414.9417852522639;527.0835231079986;549000.0;177.5549805950841;0.9672131147540983;1.395264116575592;;
4644;Luster;2024;130;3108.0;38667.0;917000.0;346000.0;0.0;1121000.0;2911000.0;295.0450450450451;111.32561132561132;0.0;183.7194337194337;360.6821106821107;75.2838337600538;655.7271557271557;731.0109894872095;329000.0;105.85585585585585;1.0;1.0516717325227964;renhold_urimelig_lav;
4645;Askvoll;2024;130;1200.0;16997.0;587000.0;173000.0;173000.0;10000.0;2091000.0;489.1666666666667;144.16666666666666;144.16666666666666;200.83333333333334;8.333333333333334;123.02170971347886;497.5;620.5217097134789;128000.0;106.66666666666667;1.0;1.3515624999999998;;
4646;Fjaler;2024;130;2769.0;28018.0;1082000.0;231000.0;381000.0;47000.0;687000.0;390.7547851209823;83.42361863488624;137.59479956663054;169.73636691946552;16.973636691946552;24.519951459775857;407.72842181292884;432.2483732727047;438000.0;158.1798483206934;1.0;0.5273972602739726;;
4647;Sunnfjord;2024;130;18201.0;186306.0;4819000.0;1366000.0;905000.0;357000.0;7174000.0;264.76567221581234;75.05082138344046;49.72254271743311;139.99230811493874;19.614306906213944;38.50654299915193;284.37997912202627;322.8865221211782;2021000.0;111.03785506290863;1.0;0.6759030183077683;renhold_urimelig_lav;
4649;Stad;2024;130;7270.0;59452.0;901000.0;395000.0;42000.0;249000.0;4635000.0;123.93397524071527;54.332874828060525;5.777166437414031;63.82393397524071;34.25034387895461;77.96205342124739;158.18431911966988;236.14637254091727;931000.0;128.060522696011;0.9957035445757251;0.4242749731471537;drift_urimelig_lav|renhold_urimelig_lav;implisitt_pris_utenfor
4650;Gloppen;2024;130;1671.0;33775.0;1116000.0;223000.0;407000.0;122000.0;3272000.0;667.8635547576301;133.4530221424297;243.5667265110712;290.84380610412927;73.0101735487732;96.87638786084382;740.8737283064033;837.7501161672471;224000.0;134.05146618791144;1.0;0.9955357142857142;;
4651;Stryn;2024;130;0.0;0.0;1199000.0;462000.0;188000.0;49000.0;2706000.0;;;;;;;;;551000.0;;1.0;;areal_mangler;areal_mangler
5001;Trondheim - Tråante;2024;130;23737.0;833347.0;13927000.0;1419000.0;4332000.0;2129000.0;92992000.0;586.7211526309137;59.780090154610946;182.49989467919283;344.44116779711;89.69119939335215;111.58856994745287;676.4123520242659;788.0009219717188;1621000.0;68.29001137464718;1.0;0.8753855644663787;;
5006;Steinkjer - Stïentje;2024;130;16312.0;141994.0;2872000.0;1457000.0;1086000.0;49000.0;18442000.0;176.06669936243256;89.32074546346249;66.57675331044629;20.169200588523786;3.003923491907798;129.87872727016634;179.07062285434037;308.94935012450674;2907000.0;178.21235899950958;1.0;0.5012039903680771;drift_urimelig_lav;
5007;Namsos - Nåavmesjenjaelmie;2024;130;500.0;75936.0;6145000.0;1528000.0;4115000.0;392000.0;10079000.0;12290.0;3056.0;8230.0;1004.0;784.0;132.7301938474505;13074.0;13206.73019384745;325000.0;650.0;1.0;4.701538461538462;DV_uteligger_hoy;kwh_urimelig_hoy|implisitt_pris_utenfor
5014;Frøya;2024;130;6036.0;35105.0;11047000.0;422000.0;2113000.0;541000.0;5176000.0;1830.185553346587;69.91385023194168;350.06626905235254;1410.2054340622929;89.62889330682572;147.44338413331434;1919.814446653413;2067.257830786727;809000.0;134.0291583830351;1.0;0.5216316440049444;;
5020;Osen;2024;130;1400.0;10478.0;1119000.0;370000.0;549000.0;7000.0;358000.0;799.2857142857143;264.2857142857143;392.14285714285717;142.85714285714286;5.0;34.166825730101166;804.2857142857143;838.4525400158155;231000.0;165.0;1.0;1.6017316017316017;;
5021;Oppdal;2024;130;3861.0;34124.0;2126000.0;335000.0;892000.0;237000.0;3126000.0;550.6345506345506;86.76508676508676;231.02823102823103;232.84123284123285;61.38306138306138;91.60708006095416;612.017612017612;703.6246920785661;430000.0;111.37011137011137;1.0;0.7790697674418604;;
5022;Rennebu;2024;130;3011.0;22891.0;2938000.0;377000.0;566000.0;78000.0;82000.0;975.7555629359017;125.20757223513783;187.977416140817;662.5705745599469;25.90501494520093;3.582193875322179;1001.6605778811027;1005.2427717564249;570000.0;189.3058784456991;1.0;0.6614035087719299;;
5025;Røros - Rosse;2024;130;5187.0;26235.0;4886000.0;1302000.0;1570000.0;143000.0;6982000.0;941.970310391363;251.01214574898785;302.6797763639869;388.27838827838826;27.56892230576441;266.1330283971793;969.5392326971274;1235.6722610943068;708000.0;136.4950838635049;1.0;1.8389830508474578;;
5026;Holtålen;2024;130;1200.0;15479.0;590000.0;77000.0;163000.0;68000.0;1001000.0;491.6666666666667;64.16666666666667;135.83333333333334;291.6666666666667;56.666666666666664;64.66826022352865;548.3333333333334;613.001593556862;165000.0;137.5;1.0;0.4666666666666667;;implisitt_pris_utenfor
5027;Midtre Gauldal;2024;130;4008.0;36589.0;2700000.0;579000.0;241000.0;548000.0;12000.0;673.6526946107784;144.46107784431138;60.12974051896207;469.061876247505;136.72654690618762;0.3279674219027577;810.3792415169661;810.7072089388688;338000.0;84.3313373253493;1.0;1.7130177514792901;;
5028;Melhus;2024;130;5860.0;104178.0;4531000.0;637000.0;818000.0;806000.0;10708000.0;773.2081911262799;108.70307167235495;139.59044368600684;524.9146757679181;137.54266211604096;102.78561692487857;910.7508532423208;1013.5364701671994;1053000.0;179.6928327645051;1.0;0.6049382716049383;;
5029;Skaun;2024;130;6613.0;46711.0;5952000.0;753000.0;1398000.0;346000.0;5418000.0;900.0453651897777;113.86662634205354;211.40178436413126;574.7769544835929;52.32118554362619;115.98980968080323;952.3665507334039;1068.356360414207;1110000.0;167.8512021775291;1.0;0.6783783783783784;;
5031;Malvik;2024;130;5715.0;82268.0;4952000.0;606000.0;1889000.0;460000.0;6497000.0;866.4916885389326;106.03674540682415;330.5336832895888;429.9212598425197;80.4899387576553;78.97359848300675;946.9816272965879;1025.9552257795947;852000.0;149.08136482939634;1.0;0.7112676056338028;;
5032;Selbu;2024;130;3676.0;25834.0;1504000.0;286000.0;403000.0;98000.0;2221000.0;409.1403699673558;77.80195865070729;109.63003264417846;221.70837867247008;26.659412404787812;85.97197491677635;435.7997823721436;521.77175728892;333000.0;90.58759521218715;1.0;0.8588588588588589;;
5033;Tydal;2024;130;1764.0;13494.0;1964000.0;286000.0;212000.0;224000.0;1654000.0;1113.3786848072561;162.13151927437642;120.18140589569161;831.0657596371882;126.98412698412699;122.57299540536535;1240.3628117913831;1362.9358071967486;231000.0;130.95238095238096;1.0;1.238095238095238;;
5034;Meråker;2024;130;1186.0;17582.0;936000.0;223000.0;483000.0;45000.0;4282000.0;789.2074198988196;188.02698145025295;407.25126475548063;193.929173693086;37.94266441821248;243.54453418268685;827.150084317032;1070.694618499719;172000.0;145.02529510961213;1.0;1.2965116279069768;;
5035;Stjørdal;2024;130;16844.0;140690.0;6838000.0;1402000.0;1869000.0;137000.0;9571000.0;405.9605794348136;83.2343861315602;110.9593920683923;211.76680123486108;8.133459985751603;68.02899992892175;414.0940394205652;482.12303934948693;2034000.0;120.75516504393256;1.0;0.6892822025565388;;
5036;Frosta;2024;130;1380.0;14410.0;1507000.0;398000.0;500000.0;17000.0;1711000.0;1092.0289855072465;288.40579710144925;362.3188405797101;441.30434782608694;12.318840579710145;118.73698820263706;1104.3478260869565;1223.0848142895936;251000.0;181.8840579710145;1.0;1.5856573705179282;;
5037;Levanger;2024;130;0.0;83303.0;3588000.0;25000.0;1337000.0;0.0;14540000.0;;;;;;;;;0.0;;;;areal_mangler;areal_mangler|kwh_mangler
5038;Verdal;2024;130;7800.0;76850.0;9654000.0;1239000.0;2820000.0;680000.0;1473000.0;1237.6923076923076;158.84615384615384;361.53846153846155;717.3076923076923;87.17948717948718;19.167208848405984;1324.871794871795;1344.039003720201;1510000.0;193.5897435897436;1.0;0.8205298013245033;;
5041;Snåase - Snåsa;2024;130;1995.0;18235.0;607000.0;221000.0;239000.0;42000.0;2618000.0;304.2606516290727;110.77694235588973;119.79949874686717;73.6842105263158;21.05263157894737;143.5700575815739;325.31328320802004;468.88334078959394;360000.0;180.45112781954887;1.0;0.6138888888888889;;
5042;Lierne;2024;130;2008.0;16526.0;1379000.0;383000.0;230000.0;61000.0;1331000.0;686.7529880478088;190.73705179282868;114.54183266932272;381.47410358565736;30.378486055776893;80.53975553673;717.1314741035857;797.6712296403157;606000.0;301.79282868525894;1.0;0.6320132013201321;;
5043;Raarvihke - Røyrvik;2024;130;1383.0;8151.0;657000.0;283000.0;134000.0;14000.0;1294000.0;475.0542299349241;204.62762111352134;96.89081706435286;173.53579175704988;10.122921185827911;158.7535271745798;485.177151120752;643.9306782953317;259000.0;187.27404193781635;1.0;1.0926640926640927;;
5044;Namsskogan;2024;130;1734.0;12783.0;688000.0;0.0;259000.0;82000.0;1136000.0;396.77047289504037;0.0;149.36562860438292;247.40484429065745;47.28950403690888;88.8680278494876;444.0599769319492;532.9280047814368;289000.0;166.66666666666666;1.0;0.0;energi_urimelig_lav;implisitt_pris_utenfor
5045;Grong;2024;130;3370.0;26813.0;1194000.0;432000.0;257000.0;250000.0;2739000.0;354.3026706231454;128.1899109792285;76.26112759643917;149.85163204747775;74.1839762611276;102.15194122254131;428.486646884273;530.6385881068143;387000.0;114.83679525222551;1.0;1.116279069767442;;
5046;Høylandet;2024;130;915.0;11776.0;518000.0;184000.0;145000.0;19000.0;2726000.0;566.120218579235;201.0928961748634;158.46994535519124;206.55737704918033;20.76502732240437;231.48777173913044;586.8852459016393;818.3730176407698;208000.0;227.3224043715847;1.0;0.8846153846153847;;
5047;Overhalla;2024;130;3284.0;26374.0;1690000.0;290000.0;411000.0;212000.0;954000.0;514.6163215590743;88.30694275274055;125.15225334957368;301.15712545676007;64.55542021924482;36.17198756350952;579.1717417783191;615.3437293418286;444000.0;135.20097442143728;1.0;0.653153153153153;;
5049;Flatanger;2024;130;2230.0;12367.0;1724000.0;214000.0;0.0;263000.0;390000.0;773.0941704035874;95.96412556053812;0.0;677.1300448430493;117.9372197309417;31.53553812565699;891.0313901345291;922.5669282601862;262000.0;117.48878923766816;1.0;0.816793893129771;renhold_urimelig_lav;
5052;Leka;2024;130;1062.0;6483.0;1477000.0;228000.0;352000.0;315000.0;542000.0;1390.7721280602636;214.68926553672316;331.4500941619586;844.632768361582;296.6101694915254;83.60327009100725;1687.3822975517892;1770.9855676427965;213000.0;200.56497175141243;1.0;1.0704225352112675;;
5053;Inderøy;2024;130;3921.0;33475.0;1998000.0;387000.0;412000.0;274000.0;2622000.0;509.56388676358074;98.69931140015302;105.07523590920684;305.78933945422085;69.88013261922978;78.32710978342047;579.4440193828106;657.771129166231;369000.0;94.10864575363428;1.0;1.048780487804878;;
5054;Indre Fosen;2024;130;7109.0;70544.0;4654000.0;930000.0;1639000.0;329000.0;8700000.0;654.6631031087354;130.82008721339147;230.55282036854692;293.290195526797;46.27936418624279;123.32728509866183;700.9424672949782;824.26975239364;812000.0;114.22140948093966;1.0;1.145320197044335;;
5055;Heim;2024;130;2844.0;38550.0;2678000.0;377000.0;644000.0;1162000.0;2627000.0;941.6315049226441;132.55977496483825;226.44163150492264;582.6300984528833;408.57946554149083;68.14526588845655;1350.210970464135;1418.3562363525916;1626000.0;571.7299578059071;1.0;0.23185731857318576;;kwh_urimelig_hoy|implisitt_pris_utenfor
5056;Hitra;2024;130;11416.0;57432.0;1944000.0;262000.0;890000.0;241000.0;3649000.0;170.2873160476524;22.950245269796778;77.96075683251577;69.37631394533987;21.110721793973372;63.53600780052932;191.39803784162578;254.9340456421551;572000.0;50.10511562718991;1.0;0.4580419580419581;drift_urimelig_lav|energi_urimelig_lav;implisitt_pris_utenfor|kwh_uteligger
5057;Ørland;2024;130;6111.0;83089.0;2849000.0;544000.0;1069000.0;132000.0;3941000.0;466.2084765177549;89.01980036000654;174.93045328096875;202.25822287677957;21.600392734413354;47.43106789105658;487.8088692521682;535.2399371432248;1388000.0;227.13140238913434;1.0;0.3919308357348703;;implisitt_pris_utenfor
5058;Åfjord;2024;130;3480.0;23850.0;2483000.0;772000.0;531000.0;27000.0;1138000.0;713.5057471264367;221.83908045977012;152.58620689655172;339.08045977011494;7.758620689655173;47.714884696016775;721.264367816092;768.9792525121087;307000.0;88.2183908045977;1.0;2.514657980456026;;
5059;Orkland;2024;130;9289.0;105256.0;7984000.0;1053000.0;1792000.0;737000.0;13151000.0;859.5112498654322;113.35988803961675;192.91635267520724;553.2350091506082;79.34115620626548;124.94299612373642;938.8524060716977;1063.7954021954342;1211000.0;130.3692539562924;1.0;0.8695293146160198;;
5060;Nærøysund;2024;130;2029.0;81637.0;7514000.0;971000.0;2118000.0;923000.0;6057000.0;3703.3021192705764;478.56086742237557;1043.863972400197;2180.8772794480037;454.9038935436175;74.19429915357007;4158.206012814194;4232.400311967764;1166000.0;574.66732380483;1.0;0.8327615780445969;;kwh_urimelig_hoy
5061;Rindal;2024;130;1588.0;15914.0;1611000.0;289000.0;376000.0;1303000.0;0.0;1014.4836272040302;181.98992443324937;236.7758186397985;595.7178841309824;820.528967254408;0.0;1835.0125944584383;1835.0125944584383;278000.0;175.06297229219143;1.0;1.039568345323741;;
5501;Tromsø;2024;130;18861.0;337297.0;30800000.0;6223000.0;5422000.0;1262000.0;57861000.0;1632.999310747044;329.9400880123005;287.47150204124915;1015.5877206934945;66.9105561741159;171.54318004607217;1699.90986692116;1871.4530469672322;8656000.0;458.9364296696888;1.0;0.7189232902033272;;kwh_uteligger
5503;Harstad - Hárstták;2024;130;6287.0;145378.0;8590000.0;1809000.0;2573000.0;1534000.0;14752000.0;1366.311436297121;287.73659933195484;409.2571973914427;669.3176395737236;243.99554636551613;101.47340037694836;1610.3069826626372;1711.7803830395856;1137000.0;180.84937171942101;1.0;1.591029023746702;;
5510;Kvæfjord;2024;130;3197.0;30832.0;1643000.0;254000.0;228000.0;360000.0;540000.0;513.9192993431342;79.44948389114795;71.31685955583359;363.15295589615266;112.60556771973725;17.514270887389724;626.5248670628714;644.0391379502611;399000.0;124.80450422270879;1.0;0.6365914786967418;;
5512;Dielddanuorri - Tjeldsund;2024;130;2300.0;17200.0;1208000.0;352000.0;419000.0;84000.0;1861000.0;525.2173913043479;153.04347826086956;182.17391304347825;190.0;36.52173913043478;108.19767441860465;561.7391304347826;669.9368048533872;506000.0;220.0;1.0;0.6956521739130435;;
5514;Ibestad;2024;130;1393.0;9433.0;952000.0;213000.0;121000.0;62000.0;523000.0;683.4170854271357;152.90739411342426;86.86288585786073;443.64680545585065;44.50825556353195;55.44365525283579;727.9253409906677;783.3689962435035;235000.0;168.70064608758076;1.0;0.9063829787234042;;
5516;Gratangen;2024;130;2034.0;11071.0;3103000.0;201000.0;2105000.0;106000.0;212000.0;1525.5653883972468;98.82005899705015;1034.9065880039332;391.8387413962635;52.114060963618485;19.149128353355614;1577.6794493608652;1596.8285777142207;232000.0;114.06096361848574;1.0;0.8663793103448276;;
5518;Loabák - Lavangen;2024;130;2078.0;9890.0;730000.0;357000.0;235000.0;85000.0;136000.0;351.29932627526466;171.79980750721847;113.08950914340713;66.41000962463907;40.904716073147256;13.751263902932255;392.2040423484119;405.95530625134415;396000.0;190.56785370548604;1.0;0.9015151515151515;;
5520;Bardu;2024;130;2860.0;24858.0;1519000.0;526000.0;154000.0;198000.0;2709000.0;531.1188811188811;183.91608391608392;53.84615384615385;293.35664335664336;69.23076923076923;108.97900072411296;600.3496503496503;709.3286510737634;543000.0;189.86013986013987;1.0;0.9686924493554327;;
5522;Salangen;2024;130;1128.0;16897.0;940000.0;114000.0;252000.0;104000.0;622000.0;833.3333333333334;101.06382978723404;223.40425531914894;508.86524822695037;92.19858156028369;36.8112682724744;925.531914893617;962.3431831660914;275000.0;243.79432624113474;1.0;0.41454545454545455;;implisitt_pris_utenfor
5524;Målselv;2024;130;3650.0;38656.0;1639000.0;521000.0;318000.0;201000.0;5957000.0;449.041095890411;142.73972602739727;87.12328767123287;219.17808219178082;55.06849315068493;154.1028559602649;504.1095890410959;658.2124450013607;731000.0;200.27397260273972;1.0;0.7127222982216143;;
5528;Dyrøy;2024;130;1500.0;9114.0;753000.0;210000.0;0.0;52000.0;5890000.0;502.0;140.0;0.0;362.0;34.666666666666664;646.2585034013606;536.6666666666666;1182.9251700680272;551000.0;367.3333333333333;1.0;0.38112522686025413;renhold_urimelig_lav;implisitt_pris_utenfor
5530;Senja;2024;130;10075.0;102565.0;7192000.0;1468000.0;1787000.0;1405000.0;15398000.0;713.8461538461538;145.70719602977667;177.3697270471464;390.7692307692308;139.45409429280397;150.12918636961928;853.3002481389578;1003.4294345085771;1400000.0;138.9578163771712;1.0;1.0485714285714285;;
5532;Balsfjord;2024;130;8212.0;37556.0;4021000.0;570000.0;358000.0;582000.0;2472000.0;489.64929371651243;69.41061860691671;43.59473940574769;376.643935703848;70.87189478811496;65.82170625199701;560.5211885046274;626.3428947566244;1849000.0;225.1583049196298;1.0;0.30827474310438074;renhold_urimelig_lav;implisitt_pris_utenfor
5534;Karlsøy;2024;130;5554.0;19185.0;1700000.0;126000.0;1485000.0;273000.0;3984000.0;306.0857039971192;22.68635217861001;267.3748649621894;16.02448685631977;49.15376305365503;207.6622361219703;355.23946705077424;562.9017031727445;859000.0;154.66330572560318;1.0;0.14668218859138532;energi_urimelig_lav;implisitt_pris_utenfor
5536;Lyngen - Ivgu - Yykeä;2024;130;1695.0;26525.0;735000.0;159000.0;244000.0;77000.0;1110000.0;433.62831858407077;93.80530973451327;143.952802359882;195.87020648967552;45.42772861356932;41.84731385485391;479.0560471976401;520.903361052494;291000.0;171.68141592920355;1.0;0.5463917525773195;;
5538;Storfjord - Omasvuotna - Omasvuono;2024;130;1040.0;21973.0;1479000.0;369000.0;494000.0;68000.0;760000.0;1422.1153846153845;354.8076923076923;475.0;592.3076923076923;65.38461538461539;34.58790333591226;1487.5;1522.0879033359122;497000.0;477.88461538461536;1.0;0.7424547283702214;;kwh_uteligger
5540;Gáivuotna - Kåfjord - Kaivuono;2024;130;2160.0;16983.0;1649000.0;424000.0;488000.0;277000.0;849000.0;763.425925925926;196.2962962962963;225.92592592592592;341.2037037037037;128.24074074074073;49.991167638226464;891.6666666666666;941.6578343048931;428000.0;198.14814814814815;1.0;0.9906542056074766;;
5542;Skjervøy;2024;130;3121.0;28893.0;3442000.0;456000.0;525000.0;511000.0;1898000.0;1102.8516501121435;146.10701698173662;168.2153156039731;788.5293175264338;163.7295738545338;65.69065171494826;1266.5812239666773;1332.2718756816255;460000.0;147.38865748157642;1.0;0.991304347826087;;
5544;Nordreisa - Ráisa - Raisi;2024;130;2615.0;38168.0;3714000.0;402000.0;693000.0;803000.0;2845000.0;1420.2676864244743;153.7284894837476;265.0095602294455;1001.5296367112811;307.07456978967497;74.53888073779082;1727.342256214149;1801.8811369519399;476000.0;182.02676864244742;1.0;0.8445378151260504;;
5546;Kvænangen;2024;130;2810.0;14652.0;1646000.0;355000.0;710000.0;118000.0;255000.0;585.7651245551601;126.33451957295374;252.66903914590748;206.76156583629893;41.99288256227758;17.403767403767404;627.7580071174377;645.1617745212052;544000.0;193.59430604982205;1.0;0.6525735294117647;;
5601;Alta;2024;130;16122.0;123987.0;8898000.0;1489000.0;2155000.0;1409000.0;11741000.0;551.9166356531448;92.35826820493735;133.66827936980525;325.8900880784022;87.39610470164992;94.6954116157339;639.3127403547946;734.0081519705285;3936000.0;244.13844436174173;1.0;0.3783028455284552;;implisitt_pris_utenfor
5603;Hammerfest - Hámmerfeasta;2024;130;14117.0;121814.0;15654000.0;1764000.0;2672000.0;159000.0;6999000.0;1108.8758234752427;124.9557271374938;189.27534178649856;794.6447545512502;11.263016221576823;57.45644999753723;1120.1388396968193;1177.5952896943566;3391000.0;240.20684281362895;1.0;0.5202005308168681;;
5605;Sør-Varanger;2024;130;7217.0;62864.0;3743000.0;915000.0;1363000.0;348000.0;3093000.0;518.6365525841762;126.78398226409865;188.85963696826937;202.99293335180823;48.2194817791326;49.201450750827185;566.8560343633088;616.057485114136;1373000.0;190.24525426077318;1.0;0.6664238892935178;;
5607;Vadsø;2024;130;4681.0;52204.0;3115000.0;715000.0;358000.0;604000.0;1327000.0;665.4560991241187;152.74513992736595;76.47938474684896;436.23157444990386;129.03225806451613;25.41950808367175;794.488357188635;819.9078652723067;742000.0;158.51313821832943;1.0;0.9636118598382749;;
5610;Kárásjohka - Karasjok;2024;130;3494.0;11374.0;1738000.0;307000.0;93000.0;44000.0;1434000.0;497.42415569547796;87.86491127647396;26.61705781339439;382.9421866056096;12.593016599885518;126.07701775980306;510.0171722953635;636.0941900551666;48000.0;13.737836290784202;1.0;6.395833333333334;renhold_urimelig_lav;kwh_urimelig_lav|implisitt_pris_utenfor
5612;Guovdageaidnu - Kautokeino;2024;130;2085.0;30772.0;2474000.0;550000.0;485000.0;476000.0;1805000.0;1186.5707434052758;263.78896882494007;232.61390887290167;690.1678657074341;228.29736211031175;58.65722085012349;1414.8681055155876;1473.525326365711;475000.0;227.81774580335733;1.0;1.1578947368421053;;
5614;Loppa;2024;130;0.0;0.0;654000.0;117000.0;3000.0;85000.0;676000.0;;;;;;;;;0.0;;;;areal_mangler;areal_mangler|kwh_mangler
5616;Hasvik;2024;130;570.0;9880.0;210000.0;2000.0;145000.0;28000.0;1047000.0;368.42105263157896;3.508771929824561;254.3859649122807;110.52631578947368;49.12280701754386;105.97165991902834;417.5438596491228;523.5155195681511;0.0;0.0;;;energi_urimelig_lav;kwh_null|kwh_urimelig_lav
5618;Måsøy;2024;130;1498.0;14000.0;1101000.0;270000.0;421000.0;116000.0;0.0;734.9799732977303;180.24032042723633;281.041388518024;273.69826435246995;77.4365821094793;0.0;812.4165554072096;812.4165554072096;81000.0;54.0720961281709;1.0;3.3333333333333335;;implisitt_pris_utenfor|kwh_uteligger
5620;Nordkapp;2024;130;2160.0;27126.0;1718000.0;610000.0;592000.0;280000.0;507000.0;795.3703703703703;282.4074074074074;274.0740740740741;238.88888888888889;129.62962962962962;18.690555186905552;925.0;943.6905551869055;408000.0;188.88888888888889;1.0;1.4950980392156863;;
5624;Lebesby;2024;130;1150.0;12705.0;5125000.0;15000.0;598000.0;268000.0;883000.0;4456.521739130435;13.043478260869565;520.0;3923.478260869565;233.04347826086956;69.50019677292404;4689.565217391304;4759.065414164228;228000.0;198.2608695652174;1.0;0.06578947368421052;energi_urimelig_lav;implisitt_pris_utenfor
5626;Gamvik;2024;130;741.0;16288.0;690000.0;127000.0;268000.0;28000.0;2356000.0;931.1740890688259;171.39001349527666;361.67341430499323;398.110661268556;37.78677462887989;144.64636542239685;968.9608636977058;1113.6072291201026;120000.0;161.94331983805668;1.0;1.0583333333333333;;
5628;Deatnu - Tana;2024;130;2474.0;25007.0;2007000.0;201000.0;8000.0;42000.0;2782000.0;811.2368633791431;81.24494745351657;3.2336297493936943;726.7582861762328;16.976556184316895;111.24885032190987;828.21341956346;939.4622698853699;225000.0;90.94583670169766;0.9422222222222222;0.8933333333333333;renhold_urimelig_lav;
5630;Berlevåg;2024;130;1770.0;10364.0;965000.0;314000.0;115000.0;39000.0;702000.0;545.1977401129943;177.40112994350284;64.97175141242938;302.82485875706215;22.033898305084747;67.73446545735237;567.2316384180791;634.9661038754315;569000.0;321.4689265536723;0.7855887521968365;0.5518453427065027;;
5632;Båtsfjord;2024;130;1602.0;16497.0;645000.0;203000.0;186000.0;109000.0;10000.0;402.62172284644197;126.71660424469414;116.10486891385767;159.80024968789013;68.03995006242197;0.6061708189367764;470.6616729088639;471.2678437278007;742000.0;463.1710362047441;1.0;0.27358490566037735;;implisitt_pris_utenfor|kwh_uteligger
5634;Vardø;2024;130;1776.0;14491.0;2354000.0;695000.0;114000.0;511000.0;708000.0;1325.4504504504505;391.3288288288288;64.1891891891892;869.9324324324324;287.72522522522524;48.85791180732868;1613.1756756756756;1662.0335874830043;610000.0;343.4684684684685;1.0;1.139344262295082;;
5636;Unjárga - Nesseby;2024;130;1688.0;8863.0;1595000.0;379000.0;532000.0;209000.0;204000.0;944.9052132701422;224.5260663507109;315.1658767772512;405.2132701421801;123.81516587677726;23.01703712061379;1068.7203791469194;1091.7374162675333;478000.0;283.17535545023696;1.0;0.7928870292887029;;
